row_id,LABEL
0,0
1,1
2,0
3,0
4,1
5,0
6,1
7,1
8,0
9,0
10,0
11,0
12,1
13,0
14,1
15,1
16,1
17,1
18,0
19,1
20,0
21,1
22,1
23,0
24,1
25,1
26,1
27,0
28,1
29,1
30,1
31,1
32,1
33,0
34,1
35,0
36,0
37,1
38,1
39,1
40,0
41,1
42,1
43,0
44,1
45,0
46,0
47,1
48,0
49,0
50,1
51,1
52,1
53,1
54,1
55,1
56,1
57,0
58,0
59,0
60,0
61,1
62,0
63,1
64,1
65,1
66,0
67,0
68,1
69,1
70,1
71,0
72,0
73,0
74,1
75,1
76,1
77,1
78,1
79,1
80,1
81,1
82,0
83,1
84,1
85,1
86,1
87,0
88,0
89,0
90,0
91,1
92,1
93,0
94,0
95,1
96,1
97,1
98,1
99,1
100,1
101,0
102,0
103,1
104,1
105,1
106,1
107,1
108,1
109,0
110,0
111,1
112,1
113,1
114,1
115,0
116,1
117,1
118,1
119,0
120,0
121,0
122,1
123,1
124,1
125,1
126,1
127,1
128,1
129,1
130,1
131,1
132,0
133,1
134,0
135,1
136,1
137,1
138,1
139,1
140,1
141,1
142,1
143,0
144,1
145,1
146,1
147,0
148,0
149,1
150,1
151,0
152,1
153,1
154,1
155,1
156,1
157,0
158,1
159,0
160,0
161,0
162,0
163,1
164,0
165,1
166,1
167,0
168,1
169,0
170,1
171,1
172,0
173,1
174,1
175,1
176,1
177,0
178,0
179,1
180,1
181,1
182,1
183,0
184,1
185,0
186,1
187,1
188,1
189,1
190,1
191,0
192,1
193,1
194,0
195,1
196,1
197,1
198,1
199,1
200,1
201,0
202,1
203,0
204,1
205,1
206,1
207,1
208,1
209,1
210,0
211,1
212,1
213,0
214,1
215,1
216,1
217,0
218,0
219,1
220,1
221,1
222,1
223,1
224,1
225,1
226,1
227,0
228,0
229,1
230,1
231,1
232,1
233,1
234,0
235,1
236,1
237,0
238,1
239,0
240,1
241,0
242,1
243,1
244,0
245,0
246,1
247,0
248,1
249,1
250,0
251,1
252,1
253,0
254,0
255,0
256,0
257,0
258,0
259,0
260,1
261,1
262,1
263,1
264,1
265,1
266,0
267,1
268,0
269,0
270,1
271,0
272,1
273,1
274,1
275,1
276,0
277,1
278,1
279,1
280,1
281,1
282,0
283,1
284,1
285,0
286,1
287,0
288,0
289,1
290,1
291,1
292,1
293,1
294,1
295,0
296,0
297,1
298,1
299,1
300,1
301,0
302,0
303,1
304,1
305,0
306,1
307,1
308,0
309,0
310,1
311,0
312,1
313,1
314,1
315,1
316,1
317,1
318,0
319,1
320,0
321,1
322,1
323,0
324,1
325,0
326,0
327,1
328,1
329,0
330,1
331,0
332,1
333,0
334,1
335,1
336,1
337,0
338,0
339,1
340,1
341,1
342,1
343,0
344,1
345,0
346,1
347,0
348,0
349,0
350,1
351,1
352,1
353,1
354,1
355,0
356,0
357,1
358,1
359,0
360,1
361,1
362,1
363,0
364,1
365,1
366,1
367,0
368,0
369,0
370,0
371,0
372,1
373,1
374,0
375,0
376,1
377,1
378,1
379,0
380,1
381,0
382,1
383,0
384,1
385,0
386,1
387,1
388,1
389,1
390,1
391,1
392,0
393,1
394,1
395,1
396,1
397,0
398,1
399,0
400,0
401,1
402,1
403,1
404,0
405,0
406,1
407,0
408,1
409,1
410,1
411,0
412,1
413,1
414,0
415,1
416,1
417,1
418,0
419,1
420,1
421,1
422,1
423,0
424,0
425,0
426,0
427,0
428,0
429,0
430,1
431,1
432,1
433,1
434,1
435,0
436,1
437,1
438,0
439,0
440,0
441,0
442,0
443,0
444,1
445,1
446,1
447,0
448,0
449,0
450,1
451,0
452,0
453,1
454,1
455,0
456,1
457,1
458,0
459,0
460,1
461,0
462,1
463,0
464,0
465,0
466,1
467,0
468,1
469,1
470,1
471,1
472,0
473,1
474,1
475,0
476,1
477,0
478,0
479,1
480,1
481,0
482,0
483,1
484,0
485,1
486,1
487,0
488,1
489,1
490,0
491,0
492,1
493,0
494,0
495,1
496,0
497,1
498,0
499,0
500,0
501,1
502,1
503,0
504,0
505,1
506,0
507,1
508,1
509,0
510,1
511,0
512,1
513,0
514,0
515,1
516,1
517,1
518,0
519,0
520,0
521,1
522,1
523,0
524,1
525,1
526,1
527,1
528,1
529,1
530,1
531,0
532,1
533,1
534,0
535,1
536,1
537,0
538,0
539,0
540,1
541,0
542,0
543,0
544,0
545,1
546,1
547,0
548,1
549,1
550,0
551,1
552,1
553,1
554,0
555,1
556,1
557,0
558,0
559,1
560,0
561,1
562,1
563,0
564,0
565,1
566,1
567,0
568,0
569,1
570,0
571,1
572,1
573,1
574,1
575,0
576,1
577,1
578,0
579,1
580,0
581,1
582,1
583,1
584,0
585,1
586,0
587,1
588,1
589,1
590,0
591,0
592,0
593,1
594,1
595,1
596,0
597,0
598,0
599,0
600,0
601,1
602,1
603,0
604,0
605,1
606,0
607,1
608,0
609,1
610,0
611,0
612,1
613,0
614,1
615,1
616,1
617,1
618,1
619,0
620,0
621,0
622,1
623,0
624,1
625,1
626,0
627,1
628,0
629,0
630,1
631,1
632,1
633,1
634,1
635,1
636,1
637,1
638,0
639,0
640,0
641,0
642,1
643,1
644,1
645,1
646,1
647,1
648,0
649,0
650,1
651,1
652,1
653,0
654,1
655,1
656,1
657,1
658,1
659,0
660,0
661,1
662,0
663,1
664,0
665,1
666,1
667,1
668,0
669,0
670,0
671,0
672,0
673,1
674,1
675,1
676,1
677,0
678,1
679,0
680,0
681,1
682,0
683,1
684,1
685,1
686,1
687,1
688,0
689,1
690,1
691,0
692,0
693,0
694,1
695,0
696,1
697,1
698,0
699,1
700,1
701,1
702,0
703,0
704,1
705,0
706,0
707,1
708,1
709,1
710,0
711,1
712,1
713,1
714,1
715,1
716,1
717,0
718,1
719,0
720,1
721,1
722,0
723,1
724,0
725,0
726,1
727,1
728,1
729,0
730,1
731,0
732,0
733,1
734,0
735,0
736,0
737,1
738,0
739,0
740,1
741,0
742,0
743,1
744,1
745,1
746,1
747,0
748,0
749,0
750,1
751,0
752,1
753,1
754,1
755,1
756,1
757,1
758,1
759,1
760,1
761,0
762,0
763,1
764,1
765,1
766,1
767,1
768,0
769,0
770,1
771,1
772,1
773,1
774,1
775,1
776,1
777,1
778,0
779,1
780,1
781,1
782,0
783,0
784,1
785,0
786,0
787,0
788,1
789,1
790,0
791,0
792,1
793,1
794,0
795,1
796,0
797,1
798,1
799,1
800,1
801,1
802,0
803,1
804,1
805,1
806,1
807,0
808,1
809,1
810,0
811,1
812,1
813,0
814,1
815,1
816,1
817,1
818,1
819,1
820,1
821,1
822,1
823,1
824,1
825,1
826,1
827,1
828,1
829,1
830,1
831,0
832,1
833,0
834,1
835,1
836,1
837,0
838,1
839,0
840,1
841,1
842,1
843,1
844,1
845,0
846,1
847,1
848,1
849,0
850,0
851,0
852,0
853,1
854,1
855,1
856,1
857,1
858,0
859,1
860,1
861,1
862,0
863,0
864,1
865,1
866,0
867,1
868,1
869,1
870,1
871,0
872,1
873,0
874,1
875,1
876,1
877,0
878,0
879,1
880,1
881,1
882,1
883,1
884,0
885,0
886,0
887,0
888,1
889,0
890,1
891,0
892,0
893,0
894,0
895,0
896,1
897,1
898,1
899,1
900,0
901,1
902,1
903,0
904,1
905,1
906,1
907,1
908,1
909,1
910,1
911,0
912,1
913,0
914,0
915,1
916,1
917,1
918,1
919,1
920,1
921,1
922,0
923,1
924,1
925,0
926,1
927,1
928,0
929,0
930,1
931,1
932,0
933,1
934,1
935,1
936,1
937,0
938,1
939,1
940,0
941,0
942,1
943,1
944,0
945,0
946,1
947,0
948,1
949,0
950,1
951,0
952,1
953,1
954,0
955,0
956,1
957,0
958,1
959,0
960,1
961,0
962,1
963,0
964,1
965,1
966,0
967,1
968,1
969,0
970,1
971,0
972,1
973,1
974,1
975,1
976,1
977,1
978,1
979,0
980,1
981,1
982,0
983,1
984,1
985,1
986,0
987,0
988,1
989,0
990,1
991,1
992,0
993,0
994,0
995,1
996,1
997,1
998,0
999,1
1000,1
1001,0
1002,0
1003,0
1004,0
1005,0
1006,1
1007,1
1008,1
1009,1
1010,1
1011,1
1012,1
1013,0
1014,0
1015,1
1016,1
1017,1
1018,0
1019,0
1020,1
1021,1
1022,1
1023,1
1024,1
1025,0
1026,1
1027,0
1028,0
1029,0
1030,1
1031,1
1032,1
1033,0
1034,1
1035,0
1036,1
1037,0
1038,1
1039,1
1040,1
1041,1
1042,0
1043,0
1044,1
1045,0
1046,1
1047,1
1048,0
1049,1
1050,1
1051,0
1052,0
1053,1
1054,1
1055,0
1056,1
1057,0
1058,0
1059,1
1060,1
1061,0
1062,1
1063,1
1064,1
1065,1
1066,1
1067,0
1068,1
1069,0
1070,0
1071,1
1072,1
1073,1
1074,1
1075,1
1076,1
1077,1
1078,0
1079,0
1080,0
1081,1
1082,0
1083,1
1084,0
1085,0
1086,1
1087,1
1088,1
1089,1
1090,0
1091,1
1092,0
1093,1
1094,0
1095,1
1096,0
1097,1
1098,1
1099,0
1100,1
1101,1
1102,1
1103,1
1104,1
1105,1
1106,0
1107,1
1108,1
1109,1
1110,1
1111,0
1112,1
1113,0
1114,1
1115,1
1116,1
1117,0
1118,1
1119,0
1120,1
1121,0
1122,1
1123,1
1124,1
1125,0
1126,1
1127,1
1128,0
1129,1
1130,1
1131,1
1132,0
1133,0
1134,1
1135,0
1136,0
1137,1
1138,0
1139,0
1140,1
1141,1
1142,0
1143,0
1144,1
1145,0
1146,0
1147,0
1148,1
1149,1
1150,1
1151,0
1152,1
1153,0
1154,0
1155,1
1156,0
1157,0
1158,1
1159,1
1160,1
1161,0
1162,0
1163,0
1164,0
1165,0
1166,1
1167,1
1168,0
1169,0
1170,0
1171,0
1172,0
1173,0
1174,1
1175,0
1176,1
1177,0
1178,1
1179,1
1180,1
1181,1
1182,0
1183,0
1184,1
1185,1
1186,0
1187,1
1188,0
1189,1
1190,1
1191,0
1192,1
1193,0
1194,1
1195,0
1196,1
1197,1
1198,1
1199,0
1200,0
1201,1
1202,1
1203,1
1204,0
1205,0
1206,0
1207,0
1208,1
1209,1
1210,1
1211,0
1212,0
1213,1
1214,1
1215,1
1216,0
1217,0
1218,0
1219,0
1220,1
1221,0
1222,0
1223,1
1224,0
1225,1
1226,0
1227,1
1228,1
1229,1
1230,0
1231,0
1232,1
1233,1
1234,1
1235,1
1236,1
1237,0
1238,0
1239,1
1240,1
1241,1
1242,1
1243,0
1244,1
1245,1
1246,1
1247,0
1248,0
1249,1
1250,1
1251,1
1252,0
1253,1
1254,0
1255,1
1256,1
1257,1
1258,1
1259,1
1260,1
1261,0
1262,0
1263,1
1264,1
1265,0
1266,0
1267,1
1268,1
1269,1
1270,1
1271,0
1272,1
1273,0
1274,1
1275,0
1276,1
1277,0
1278,1
1279,0
1280,1
1281,0
1282,1
1283,1
1284,1
1285,1
1286,1
1287,0
1288,0
1289,1
1290,0
1291,1
1292,0
1293,1
1294,0
1295,0
1296,1
1297,1
1298,1
1299,0
1300,1
1301,1
1302,1
1303,0
1304,1
1305,0
1306,1
1307,0
1308,1
1309,0
1310,0
1311,1
1312,1
1313,0
1314,0
1315,1
1316,0
1317,1
1318,1
1319,0
1320,1
1321,0
1322,0
1323,1
1324,1
1325,1
1326,1
1327,1
1328,1
1329,0
1330,0
1331,1
1332,0
1333,0
1334,0
1335,1
1336,0
1337,1
1338,0
1339,0
1340,1
1341,1
1342,1
1343,0
1344,1
1345,0
1346,1
1347,1
1348,0
1349,1
1350,1
1351,1
1352,1
1353,1
1354,1
1355,1
1356,1
1357,1
1358,1
1359,1
1360,1
1361,1
1362,1
1363,1
1364,0
1365,0
1366,0
1367,1
1368,0
1369,1
1370,0
1371,1
1372,1
1373,0
1374,0
1375,1
1376,1
1377,1
1378,1
1379,0
1380,1
1381,1
1382,1
1383,0
1384,1
1385,0
1386,1
1387,1
1388,1
1389,0
1390,0
1391,1
1392,1
1393,0
1394,1
1395,0
1396,1
1397,1
1398,0
1399,0
1400,1
1401,1
1402,0
1403,0
1404,0
1405,1
1406,1
1407,0
1408,1
1409,1
1410,1
1411,0
1412,0
1413,1
1414,1
1415,0
1416,1
1417,1
1418,0
1419,0
1420,0
1421,0
1422,1
1423,0
1424,1
1425,1
1426,0
1427,1
1428,0
1429,0
1430,1
1431,1
1432,1
1433,0
1434,1
1435,0
1436,1
1437,1
1438,1
1439,0
1440,1
1441,1
1442,0
1443,1
1444,0
1445,1
1446,1
1447,1
1448,1
1449,0
1450,1
1451,1
1452,1
1453,0
1454,1
1455,0
1456,1
1457,0
1458,0
1459,1
1460,1
1461,0
1462,1
1463,0
1464,0
1465,1
1466,0
1467,1
1468,0
1469,1
1470,1
1471,0
1472,1
1473,0
1474,1
1475,0
1476,0
1477,1
1478,1
1479,1
1480,1
1481,1
1482,1
1483,0
1484,1
1485,1
1486,0
1487,0
1488,1
1489,1
1490,1
1491,1
1492,1
1493,1
1494,1
1495,0
1496,1
1497,1
1498,0
1499,0
1500,1
1501,1
1502,0
1503,1
1504,0
1505,1
1506,0
1507,1
1508,1
1509,1
1510,1
1511,0
1512,1
1513,1
1514,1
1515,1
1516,1
1517,1
1518,1
1519,1
1520,1
1521,1
1522,1
1523,1
1524,0
1525,0
1526,0
1527,1
1528,0
1529,0
1530,1
1531,1
1532,1
1533,0
1534,1
1535,1
1536,1
1537,1
1538,1
1539,1
1540,1
1541,1
1542,1
1543,1
1544,0
1545,1
1546,1
1547,0
1548,0
1549,0
1550,1
1551,1
1552,1
1553,0
1554,1
1555,0
1556,0
1557,1
1558,1
1559,1
1560,1
1561,0
1562,0
1563,1
1564,1
1565,1
1566,1
1567,0
1568,1
1569,0
1570,1
1571,1
1572,1
1573,0
1574,1
1575,0
1576,1
1577,1
1578,1
1579,0
1580,1
1581,1
1582,1
1583,1
1584,0
1585,0
1586,1
1587,1
1588,0
1589,1
1590,1
1591,1
1592,1
1593,1
1594,1
1595,0
1596,0
1597,1
1598,0
1599,0
1600,0
1601,1
1602,1
1603,0
1604,0
1605,1
1606,0
1607,1
1608,0
1609,1
1610,0
1611,0
1612,0
1613,1
1614,0
1615,1
1616,1
1617,1
1618,0
1619,0
1620,1
1621,1
1622,0
1623,1
1624,1
1625,1
1626,1
1627,1
1628,1
1629,1
1630,0
1631,1
1632,1
1633,1
1634,1
1635,1
1636,0
1637,1
1638,1
1639,1
1640,1
1641,0
1642,0
1643,1
1644,1
1645,1
1646,1
1647,0
1648,1
1649,0
1650,0
1651,0
1652,0
1653,1
1654,1
1655,1
1656,1
1657,0
1658,0
1659,1
1660,1
1661,0
1662,1
1663,1
1664,1
1665,0
1666,1
1667,1
1668,1
1669,0
1670,1
1671,1
1672,1
1673,1
1674,1
1675,0
1676,0
1677,1
1678,0
1679,1
1680,1
1681,0
1682,1
1683,1
1684,1
1685,0
1686,1
1687,1
1688,0
1689,0
1690,1
1691,0
1692,0
1693,1
1694,1
1695,1
1696,0
1697,1
1698,1
1699,1
1700,1
1701,1
1702,1
1703,1
1704,1
1705,1
1706,1
1707,1
1708,1
1709,1
1710,0
1711,1
1712,1
1713,1
1714,1
1715,1
1716,0
1717,1
1718,1
1719,1
1720,0
1721,0
1722,1
1723,0
1724,1
1725,1
1726,1
1727,1
1728,1
1729,1
1730,1
1731,0
1732,0
1733,1
1734,0
1735,1
1736,0
1737,0
1738,1
1739,1
1740,1
1741,1
1742,0
1743,0
1744,0
1745,0
1746,1
1747,1
1748,1
1749,1
1750,0
1751,1
1752,1
1753,0
1754,0
1755,1
1756,0
1757,0
1758,0
1759,0
1760,0
1761,1
1762,1
1763,0
1764,0
1765,1
1766,0
1767,0
1768,1
1769,0
1770,1
1771,1
1772,0
1773,0
1774,1
1775,1
1776,1
1777,1
1778,0
1779,0
1780,1
1781,1
1782,0
1783,1
1784,1
1785,0
1786,0
1787,1
1788,0
1789,1
1790,0
1791,0
1792,1
1793,1
1794,1
1795,1
1796,0
1797,1
1798,1
1799,0
1800,0
1801,0
1802,0
1803,0
1804,1
1805,1
1806,1
1807,1
1808,1
1809,0
1810,1
1811,0
1812,1
1813,1
1814,1
1815,0
1816,0
1817,1
1818,0
1819,0
1820,0
1821,0
1822,0
1823,1
1824,1
1825,0
1826,1
1827,1
1828,0
1829,0
1830,1
1831,1
1832,1
1833,0
1834,1
1835,1
1836,1
1837,0
1838,1
1839,1
1840,1
1841,1
1842,1
1843,1
1844,1
1845,1
1846,0
1847,0
1848,0
1849,1
1850,1
1851,0
1852,0
1853,0
1854,0
1855,1
1856,1
1857,0
1858,1
1859,1
1860,0
1861,1
1862,0
1863,1
1864,1
1865,0
1866,1
1867,1
1868,0
1869,0
1870,1
1871,0
1872,1
1873,1
1874,0
1875,0
1876,1
1877,1
1878,0
1879,1
1880,0
1881,1
1882,1
1883,0
1884,1
1885,0
1886,1
1887,0
1888,1
1889,0
1890,1
1891,0
1892,1
1893,1
1894,1
1895,0
1896,1
1897,1
1898,1
1899,1
1900,1
1901,0
1902,1
1903,1
1904,1
1905,1
1906,1
1907,1
1908,1
1909,1
1910,0
1911,1
1912,1
1913,0
1914,1
1915,1
1916,0
1917,0
1918,1
1919,0
1920,0
1921,1
1922,0
1923,0
1924,0
1925,1
1926,1
1927,1
1928,0
1929,1
1930,0
1931,1
1932,0
1933,1
1934,1
1935,1
1936,1
1937,1
1938,1
1939,0
1940,1
1941,1
1942,1
1943,1
1944,0
1945,1
1946,0
1947,1
1948,0
1949,1
1950,0
1951,1
1952,1
1953,1
1954,1
1955,1
1956,1
1957,1
1958,0
1959,0
1960,1
1961,1
1962,1
1963,0
1964,1
1965,1
1966,1
1967,0
1968,1
1969,1
1970,1
1971,1
1972,1
1973,1
1974,1
1975,0
1976,1
1977,1
1978,1
1979,1
1980,0
1981,1
1982,0
1983,1
1984,0
1985,0
1986,1
1987,1
1988,1
1989,1
1990,0
1991,1
1992,0
1993,0
1994,0
1995,0
1996,1
1997,1
1998,0
1999,1
2000,1
2001,1
2002,1
2003,0
2004,0
2005,0
2006,1
2007,0
2008,1
2009,0
2010,0
2011,1
2012,0
2013,0
2014,0
2015,1
2016,0
2017,1
2018,1
2019,1
2020,0
2021,1
2022,1
2023,1
2024,1
2025,1
2026,1
2027,1
2028,0
2029,1
2030,0
2031,1
2032,1
2033,1
2034,1
2035,0
2036,0
2037,1
2038,0
2039,1
2040,1
2041,1
2042,1
2043,1
2044,1
2045,0
2046,0
2047,1
2048,1
2049,1
2050,1
2051,1
2052,1
2053,1
2054,1
2055,1
2056,0
2057,0
2058,1
2059,0
2060,1
2061,1
2062,1
2063,0
2064,1
2065,0
2066,1
2067,0
2068,1
2069,1
2070,1
2071,1
2072,1
2073,1
2074,0
2075,0
2076,1
2077,0
2078,0
2079,1
2080,1
2081,0
2082,1
2083,1
2084,1
2085,1
2086,1
2087,0
2088,1
2089,1
2090,0
2091,0
2092,1
2093,1
2094,1
2095,1
2096,0
2097,1
2098,1
2099,1
2100,1
2101,1
2102,1
2103,1
2104,0
2105,1
2106,1
2107,0
2108,1
2109,0
2110,0
2111,1
2112,1
2113,0
2114,0
2115,1
2116,0
2117,1
2118,1
2119,1
2120,0
2121,1
2122,0
2123,0
2124,0
2125,1
2126,1
2127,0
2128,1
2129,1
2130,0
2131,0
2132,1
2133,1
2134,1
2135,0
2136,0
2137,1
2138,1
2139,1
2140,0
2141,0
2142,0
2143,1
2144,1
2145,1
2146,1
2147,0
2148,0
2149,0
2150,1
2151,1
2152,0
2153,0
2154,0
2155,1
2156,1
2157,1
2158,0
2159,1
2160,1
2161,0
2162,1
2163,1
2164,1
2165,1
2166,0
2167,0
2168,1
2169,1
2170,1
2171,0
2172,1
2173,0
2174,1
2175,1
2176,1
2177,1
2178,0
2179,1
2180,0
2181,1
2182,0
2183,0
2184,1
2185,1
2186,1
2187,1
2188,1
2189,1
2190,0
2191,1
2192,0
2193,1
2194,1
2195,1
2196,1
2197,1
2198,1
2199,1
2200,0
2201,1
2202,1
2203,1
2204,1
2205,1
2206,1
2207,1
2208,0
2209,1
2210,1
2211,1
2212,0
2213,1
2214,1
2215,1
2216,1
2217,0
2218,1
2219,1
2220,1
2221,1
2222,0
2223,1
2224,1
2225,1
2226,1
2227,1
2228,0
2229,1
2230,1
2231,1
2232,1
2233,0
2234,0
2235,0
2236,1
2237,0
2238,1
2239,0
2240,0
2241,1
2242,1
2243,1
2244,1
2245,1
2246,0
2247,1
2248,0
2249,1
2250,0
2251,1
2252,1
2253,1
2254,1
2255,0
2256,0
2257,0
2258,0
2259,1
2260,1
2261,1
2262,1
2263,0
2264,1
2265,0
2266,0
2267,1
2268,1
2269,1
2270,1
2271,1
2272,1
2273,1
2274,1
2275,1
2276,1
2277,0
2278,1
2279,1
2280,1
2281,1
2282,1
2283,1
2284,1
2285,1
2286,0
2287,1
2288,1
2289,0
2290,1
2291,1
2292,0
2293,1
2294,0
2295,1
2296,1
2297,1
2298,1
2299,0
2300,1
2301,0
2302,1
2303,1
2304,1
2305,1
2306,0
2307,0
2308,1
2309,1
2310,1
2311,0
2312,0
2313,1
2314,1
2315,0
2316,0
2317,0
2318,0
2319,1
2320,1
2321,1
2322,0
2323,0
2324,0
2325,1
2326,1
2327,0
2328,1
2329,1
2330,0
2331,0
2332,1
2333,1
2334,1
2335,0
2336,0
2337,0
2338,0
2339,1
2340,1
2341,0
2342,1
2343,1
2344,1
2345,1
2346,1
2347,1
2348,1
2349,0
2350,1
2351,0
2352,1
2353,1
2354,0
2355,1
2356,1
2357,0
2358,0
2359,1
2360,1
2361,0
2362,1
2363,1
2364,0
2365,1
2366,1
2367,0
2368,1
2369,1
2370,1
2371,1
2372,1
2373,1
2374,1
2375,1
2376,0
2377,0
2378,1
2379,0
2380,1
2381,1
2382,0
2383,1
2384,1
2385,1
2386,1
2387,1
2388,1
2389,1
2390,1
2391,1
2392,1
2393,1
2394,1
2395,1
2396,1
2397,1
2398,1
2399,0
2400,0
2401,1
2402,0
2403,0
2404,1
2405,1
2406,1
2407,1
2408,0
2409,1
2410,1
2411,1
2412,0
2413,0
2414,0
2415,0
2416,1
2417,1
2418,0
2419,1
2420,0
2421,0
2422,1
2423,0
2424,1
2425,1
2426,0
2427,1
2428,1
2429,1
2430,1
2431,1
2432,1
2433,1
2434,1
2435,1
2436,1
2437,1
2438,0
2439,1
2440,0
2441,0
2442,1
2443,1
2444,1
2445,1
2446,1
2447,1
2448,1
2449,1
2450,1
2451,1
2452,1
2453,1
2454,1
2455,1
2456,1
2457,1
2458,1
2459,1
2460,1
2461,1
2462,0
2463,1
2464,0
2465,1
2466,1
2467,1
2468,1
2469,1
2470,1
2471,1
2472,1
2473,1
2474,1
2475,1
2476,1
2477,1
2478,0
2479,0
2480,1
2481,1
2482,1
2483,0
2484,1
2485,1
2486,1
2487,1
2488,1
2489,0
2490,1
2491,1
2492,1
2493,0
2494,0
2495,0
2496,1
2497,1
2498,1
2499,1
2500,1
2501,1
2502,1
2503,0
2504,0
2505,0
2506,0
2507,1
2508,1
2509,1
2510,0
2511,0
2512,1
2513,0
2514,0
2515,1
2516,0
2517,1
2518,1
2519,0
2520,1
2521,1
2522,0
2523,0
2524,1
2525,1
2526,1
2527,1
2528,1
2529,1
2530,1
2531,1
2532,0
2533,1
2534,1
2535,1
2536,1
2537,1
2538,1
2539,1
2540,1
2541,1
2542,0
2543,0
2544,0
2545,0
2546,0
2547,0
2548,1
2549,0
2550,1
2551,1
2552,1
2553,1
2554,1
2555,1
2556,1
2557,1
2558,1
2559,1
2560,1
2561,1
2562,1
2563,0
2564,0
2565,1
2566,1
2567,0
2568,0
2569,1
2570,0
2571,1
2572,1
2573,0
2574,1
2575,1
2576,1
2577,1
2578,0
2579,1
2580,0
2581,1
2582,1
2583,1
2584,1
2585,1
2586,1
2587,1
2588,1
2589,0
2590,1
2591,1
2592,0
2593,1
2594,1
2595,1
2596,1
2597,1
2598,0
2599,0
2600,1
2601,1
2602,0
2603,1
2604,1
2605,1
2606,0
2607,1
2608,1
2609,1
2610,1
2611,1
2612,0
2613,0
2614,1
2615,1
2616,1
2617,1
2618,1
2619,1
2620,0
2621,0
2622,0
2623,1
2624,1
2625,0
2626,1
2627,1
2628,0
2629,1
2630,1
2631,0
2632,1
2633,0
2634,1
2635,1
2636,1
2637,0
2638,1
2639,1
2640,0
2641,1
2642,1
2643,0
2644,1
2645,0
2646,1
2647,1
2648,1
2649,1
2650,0
2651,0
2652,1
2653,1
2654,0
2655,1
2656,1
2657,0
2658,1
2659,1
2660,1
2661,1
2662,1
2663,0
2664,1
2665,1
2666,1
2667,0
2668,1
2669,0
2670,0
2671,0
2672,1
2673,1
2674,0
2675,1
2676,1
2677,1
2678,1
2679,0
2680,0
2681,1
2682,1
2683,1
2684,1
2685,0
2686,0
2687,1
2688,0
2689,1
2690,1
2691,1
2692,1
2693,1
2694,1
2695,0
2696,1
2697,1
2698,0
2699,0
2700,1
2701,0
2702,1
2703,0
2704,1
2705,1
2706,1
2707,1
2708,1
2709,0
2710,1
2711,0
2712,1
2713,1
2714,0
2715,1
2716,0
2717,1
2718,0
2719,0
2720,1
2721,1
2722,1
2723,0
2724,0
2725,0
2726,1
2727,1
2728,1
2729,0
2730,0
2731,1
2732,1
2733,1
2734,1
2735,0
2736,1
2737,1
2738,0
2739,1
2740,0
2741,1
2742,1
2743,1
2744,0
2745,0
2746,1
2747,1
2748,0
2749,1
2750,1
2751,0
2752,1
2753,1
2754,0
2755,1
2756,0
2757,1
2758,1
2759,0
2760,1
2761,1
2762,0
2763,0
2764,1
2765,1
2766,1
2767,0
2768,0
2769,0
2770,0
2771,1
2772,0
2773,1
2774,0
2775,1
2776,1
2777,1
2778,1
2779,1
2780,1
2781,1
2782,0
2783,0
2784,1
2785,0
2786,0
2787,1
2788,1
2789,0
2790,1
2791,0
2792,0
2793,1
2794,1
2795,0
2796,1
2797,1
2798,1
2799,1
2800,0
2801,0
2802,1
2803,1
2804,1
2805,0
2806,1
2807,0
2808,1
2809,1
2810,0
2811,1
2812,1
2813,0
2814,1
2815,1
2816,0
2817,1
2818,1
2819,1
2820,1
2821,1
2822,0
2823,1
2824,1
2825,0
2826,1
2827,0
2828,1
2829,1
2830,1
2831,0
2832,0
2833,1
2834,1
2835,1
2836,1
2837,0
2838,0
2839,1
2840,1
2841,0
2842,1
2843,0
2844,0
2845,1
2846,0
2847,1
2848,0
2849,1
2850,1
2851,0
2852,1
2853,0
2854,0
2855,1
2856,1
2857,0
2858,0
2859,1
2860,0
2861,0
2862,1
2863,1
2864,1
2865,1
2866,1
2867,0
2868,0
2869,1
2870,1
2871,1
2872,0
2873,1
2874,0
2875,1
2876,1
2877,1
2878,1
2879,0
2880,1
2881,0
2882,1
2883,1
2884,0
2885,1
2886,1
2887,0
2888,0
2889,1
2890,1
2891,0
2892,1
2893,1
2894,0
2895,0
2896,0
2897,0
2898,0
2899,0
2900,0
2901,1
2902,1
2903,1
2904,0
2905,1
2906,1
2907,0
2908,0
2909,1
2910,1
2911,1
2912,0
2913,0
2914,1
2915,1
2916,1
2917,1
2918,1
2919,0
2920,0
2921,1
2922,1
2923,1
2924,0
2925,0
2926,1
2927,1
2928,0
2929,1
2930,1
2931,1
2932,1
2933,0
2934,0
2935,0
2936,1
2937,0
2938,1
2939,0
2940,0
2941,1
2942,1
2943,0
2944,0
2945,1
2946,1
2947,1
2948,0
2949,0
2950,0
2951,0
2952,0
2953,0
2954,0
2955,0
2956,0
2957,1
2958,1
2959,0
2960,1
2961,0
2962,0
2963,1
2964,0
2965,1
2966,1
2967,0
2968,1
2969,1
2970,0
2971,0
2972,1
2973,1
2974,1
2975,1
2976,1
2977,1
2978,1
2979,1
2980,1
2981,0
2982,1
2983,1
2984,1
2985,0
2986,1
2987,1
2988,0
2989,1
2990,1
2991,1
2992,1
2993,1
2994,1
2995,1
2996,0
2997,1
2998,1
2999,1
3000,0
3001,1
3002,1
3003,0
3004,1
3005,1
3006,1
3007,1
3008,1
3009,1
3010,1
3011,1
3012,0
3013,1
3014,0
3015,0
3016,0
3017,0
3018,0
3019,0
3020,0
3021,1
3022,1
3023,1
3024,1
3025,1
3026,0
3027,1
3028,0
3029,1
3030,1
3031,1
3032,0
3033,0
3034,1
3035,1
3036,0
3037,1
3038,1
3039,1
3040,0
3041,1
3042,1
3043,0
3044,1
3045,0
3046,0
3047,0
3048,0
3049,1
3050,1
3051,0
3052,1
3053,0
3054,1
3055,0
3056,0
3057,0
3058,1
3059,0
3060,1
3061,1
3062,0
3063,0
3064,0
3065,1
3066,0
3067,0
3068,1
3069,1
3070,0
3071,1
3072,0
3073,1
3074,1
3075,1
3076,0
3077,0
3078,1
3079,1
3080,0
3081,1
3082,1
3083,0
3084,0
3085,1
3086,1
3087,1
3088,1
3089,1
3090,0
3091,1
3092,0
3093,1
3094,1
3095,0
3096,1
3097,0
3098,1
3099,1
3100,1
3101,1
3102,0
3103,1
3104,1
3105,1
3106,1
3107,1
3108,0
3109,1
3110,1
3111,0
3112,1
3113,1
3114,1
3115,1
3116,0
3117,1
3118,1
3119,0
3120,1
3121,0
3122,1
3123,1
3124,0
3125,1
3126,1
3127,0
3128,0
3129,1
3130,1
3131,1
3132,1
3133,1
3134,0
3135,0
3136,0
3137,1
3138,1
3139,1
3140,1
3141,1
3142,1
3143,0
3144,0
3145,0
3146,1
3147,1
3148,1
3149,1
3150,1
3151,1
3152,1
3153,0
3154,1
3155,1
3156,0
3157,1
3158,1
3159,1
3160,0
3161,0
3162,0
3163,1
3164,0
3165,1
3166,1
3167,0
3168,0
3169,1
3170,1
3171,1
3172,0
3173,1
3174,1
3175,1
3176,1
3177,0
3178,1
3179,1
3180,1
3181,0
3182,1
3183,1
3184,0
3185,1
3186,0
3187,0
3188,0
3189,1
3190,0
3191,1
3192,1
3193,1
3194,0
3195,1
3196,0
3197,1
3198,1
3199,1
3200,0
3201,0
3202,1
3203,1
3204,0
3205,0
3206,1
3207,0
3208,1
3209,1
3210,1
3211,1
3212,1
3213,0
3214,0
3215,0
3216,0
3217,1
3218,0
3219,1
3220,0
3221,0
3222,1
3223,0
3224,0
3225,1
3226,1
3227,1
3228,1
3229,0
3230,0
3231,1
3232,0
3233,1
3234,1
3235,0
3236,1
3237,0
3238,1
3239,0
3240,0
3241,1
3242,0
3243,0
3244,0
3245,0
3246,1
3247,1
3248,1
3249,1
3250,1
3251,1
3252,0
3253,1
3254,0
3255,1
3256,1
3257,0
3258,1
3259,0
3260,0
3261,1
3262,0
3263,1
3264,0
3265,1
3266,0
3267,0
3268,0
3269,0
3270,0
3271,0
3272,0
3273,1
3274,0
3275,0
3276,0
3277,1
3278,1
3279,1
3280,1
3281,0
3282,1
3283,1
3284,1
3285,0
3286,1
3287,0
3288,0
3289,1
3290,0
3291,1
3292,0
3293,1
3294,0
3295,1
3296,1
3297,1
3298,0
3299,0
3300,1
3301,1
3302,1
3303,0
3304,1
3305,1
3306,1
3307,1
3308,1
3309,0
3310,0
3311,1
3312,0
3313,1
3314,1
3315,1
3316,1
3317,0
3318,1
3319,1
3320,0
3321,1
3322,0
3323,1
3324,1
3325,0
3326,0
3327,0
3328,1
3329,1
3330,1
3331,1
3332,1
3333,1
3334,1
3335,0
3336,1
3337,1
3338,1
3339,0
3340,1
3341,1
3342,1
3343,1
3344,1
3345,1
3346,1
3347,1
3348,0
3349,1
3350,1
3351,1
3352,0
3353,1
3354,1
3355,1
3356,0
3357,1
3358,0
3359,1
3360,1
3361,1
3362,1
3363,0
3364,1
3365,0
3366,1
3367,1
3368,0
3369,1
3370,1
3371,1
3372,0
3373,1
3374,0
3375,1
3376,1
3377,1
3378,1
3379,1
3380,1
3381,1
3382,1
3383,1
3384,1
3385,1
3386,1
3387,0
3388,0
3389,1
3390,0
3391,0
3392,1
3393,1
3394,0
3395,1
3396,0
3397,1
3398,1
3399,1
3400,0
3401,1
3402,0
3403,0
3404,1
3405,0
3406,1
3407,1
3408,1
3409,0
3410,1
3411,1
3412,0
3413,1
3414,1
3415,1
3416,1
3417,0
3418,1
3419,1
3420,1
3421,1
3422,1
3423,1
3424,0
3425,1
3426,1
3427,1
3428,1
3429,1
3430,0
3431,1
3432,0
3433,0
3434,1
3435,1
3436,0
3437,0
3438,1
3439,1
3440,0
3441,1
3442,1
3443,1
3444,1
3445,0
3446,0
3447,1
3448,1
3449,1
3450,1
3451,1
3452,1
3453,0
3454,1
3455,1
3456,0
3457,1
3458,1
3459,1
3460,1
3461,1
3462,0
3463,1
3464,1
3465,0
3466,0
3467,1
3468,0
3469,0
3470,1
3471,1
3472,1
3473,1
3474,0
3475,1
3476,1
3477,0
3478,1
3479,1
3480,1
3481,0
3482,1
3483,0
3484,1
3485,0
3486,1
3487,1
3488,1
3489,1
3490,0
3491,1
3492,0
3493,1
3494,1
3495,1
3496,1
3497,0
3498,0
3499,1
3500,1
3501,0
3502,1
3503,1
3504,1
3505,0
3506,1
3507,1
3508,1
3509,1
3510,0
3511,0
3512,0
3513,1
3514,1
3515,0
3516,0
3517,1
3518,0
3519,0
3520,1
3521,1
3522,1
3523,1
3524,1
3525,1
3526,0
3527,1
3528,0
3529,1
3530,1
3531,1
3532,0
3533,1
3534,0
3535,1
3536,1
3537,0
3538,1
3539,1
3540,1
3541,1
3542,1
3543,0
3544,0
3545,0
3546,1
3547,1
3548,0
3549,1
3550,1
3551,1
3552,1
3553,0
3554,1
3555,0
3556,1
3557,0
3558,1
3559,0
3560,0
3561,1
3562,0
3563,1
3564,0
3565,1
3566,1
3567,0
3568,1
3569,0
3570,1
3571,0
3572,1
3573,0
3574,1
3575,1
3576,0
3577,1
3578,1
3579,0
3580,0
3581,0
3582,1
3583,0
3584,1
3585,0
3586,1
3587,1
3588,1
3589,1
3590,0
3591,1
3592,1
3593,1
3594,1
3595,1
3596,1
3597,1
3598,0
3599,0
3600,1
3601,0
3602,0
3603,0
3604,1
3605,1
3606,1
3607,0
3608,1
3609,0
3610,1
3611,1
3612,0
3613,0
3614,0
3615,1
3616,0
3617,1
3618,1
3619,1
3620,1
3621,0
3622,1
3623,1
3624,1
3625,0
3626,0
3627,1
3628,1
3629,1
3630,0
3631,1
3632,1
3633,1
3634,1
3635,0
3636,1
3637,0
3638,1
3639,1
3640,1
3641,1
3642,1
3643,1
3644,0
3645,1
3646,1
3647,0
3648,1
3649,1
3650,0
3651,1
3652,1
3653,1
3654,0
3655,1
3656,1
3657,0
3658,1
3659,0
3660,1
3661,1
3662,1
3663,0
3664,1
3665,0
3666,1
3667,1
3668,1
3669,1
3670,1
3671,0
3672,1
3673,1
3674,1
3675,1
3676,0
3677,0
3678,0
3679,1
3680,0
3681,1
3682,1
3683,1
3684,0
3685,0
3686,0
3687,1
3688,1
3689,1
3690,1
3691,1
3692,1
3693,1
3694,1
3695,1
3696,1
3697,1
3698,1
3699,1
3700,1
3701,1
3702,0
3703,1
3704,0
3705,1
3706,0
3707,0
3708,0
3709,1
3710,1
3711,0
3712,1
3713,1
3714,0
3715,1
3716,0
3717,1
3718,1
3719,0
3720,0
3721,1
3722,1
3723,1
3724,1
3725,1
3726,1
3727,0
3728,1
3729,0
3730,1
3731,1
3732,1
3733,0
3734,0
3735,0
3736,0
3737,1
3738,0
3739,1
3740,1
3741,1
3742,1
3743,0
3744,1
3745,1
3746,1
3747,1
3748,1
3749,0
3750,0
3751,1
3752,1
3753,1
3754,0
3755,0
3756,0
3757,0
3758,1
3759,1
3760,0
3761,1
3762,0
3763,0
3764,1
3765,0
3766,1
3767,1
3768,1
3769,1
3770,1
3771,1
3772,1
3773,1
3774,1
3775,1
3776,0
3777,1
3778,0
3779,0
3780,0
3781,1
3782,1
3783,1
3784,1
3785,0
3786,1
3787,1
3788,0
3789,1
3790,0
3791,1
3792,0
3793,1
3794,1
3795,0
3796,1
3797,1
3798,1
3799,0
3800,1
3801,1
3802,1
3803,1
3804,1
3805,0
3806,1
3807,1
3808,1
3809,0
3810,0
3811,0
3812,0
3813,0
3814,0
3815,0
3816,1
3817,1
3818,1
3819,0
3820,0
3821,1
3822,0
3823,1
3824,1
3825,0
3826,1
3827,1
3828,0
3829,0
3830,1
3831,1
3832,0
3833,1
3834,0
3835,1
3836,1
3837,1
3838,0
3839,1
3840,1
3841,0
3842,1
3843,1
3844,1
3845,1
3846,1
3847,1
3848,1
3849,1
3850,0
3851,0
3852,0
3853,1
3854,0
3855,1
3856,0
3857,1
3858,1
3859,0
3860,1
3861,0
3862,1
3863,1
3864,0
3865,1
3866,1
3867,0
3868,1
3869,1
3870,1
3871,1
3872,1
3873,1
3874,1
3875,1
3876,1
3877,1
3878,1
3879,1
3880,1
3881,1
3882,0
3883,1
3884,0
3885,1
3886,0
3887,0
3888,1
3889,1
3890,1
3891,1
3892,1
3893,1
3894,1
3895,0
3896,0
3897,0
3898,1
3899,1
3900,1
3901,1
3902,0
3903,1
3904,0
3905,0
3906,1
3907,0
3908,0
3909,1
3910,1
3911,0
3912,0
3913,1
3914,1
3915,1
3916,1
3917,0
3918,1
3919,0
3920,1
3921,0
3922,1
3923,1
3924,0
3925,1
3926,0
3927,1
3928,1
3929,0
3930,0
3931,0
3932,0
3933,0
3934,1
3935,0
3936,0
3937,1
3938,0
3939,0
3940,0
3941,1
3942,1
3943,1
3944,1
3945,1
3946,1
3947,1
3948,1
3949,1
3950,1
3951,0
3952,1
3953,0
3954,0
3955,1
3956,0
3957,1
3958,1
3959,1
3960,1
3961,0
3962,1
3963,0
3964,1
3965,1
3966,1
3967,1
3968,0
3969,1
3970,1
3971,0
3972,1
3973,1
3974,1
3975,1
3976,0
3977,1
3978,1
3979,1
3980,1
3981,1
3982,1
3983,0
3984,1
3985,1
3986,1
3987,1
3988,0
3989,1
3990,1
3991,1
3992,1
3993,1
3994,1
3995,0
3996,1
3997,0
3998,0
3999,0
4000,1
4001,0
4002,0
4003,1
4004,0
4005,1
4006,1
4007,0
4008,0
4009,0
4010,1
4011,1
4012,1
4013,0
4014,1
4015,1
4016,1
4017,0
4018,1
4019,1
4020,0
4021,1
4022,0
4023,1
4024,1
4025,1
4026,0
4027,0
4028,1
4029,0
4030,0
4031,0
4032,1
4033,1
4034,1
4035,1
4036,0
4037,1
4038,1
4039,0
4040,1
4041,1
4042,0
4043,1
4044,0
4045,1
4046,1
4047,1
4048,1
4049,0
4050,1
4051,0
4052,1
4053,1
4054,0
4055,0
4056,0
4057,1
4058,0
4059,1
4060,1
4061,1
4062,1
4063,0
4064,0
4065,0
4066,0
4067,1
4068,1
4069,1
4070,0
4071,1
4072,1
4073,0
4074,0
4075,0
4076,1
4077,0
4078,1
4079,0
4080,0
4081,1
4082,1
4083,1
4084,1
4085,1
4086,0
4087,0
4088,1
4089,1
4090,1
4091,0
4092,1
4093,0
4094,0
4095,1
4096,1
4097,0
4098,0
4099,1
4100,1
4101,0
4102,1
4103,0
4104,1
4105,1
4106,0
4107,1
4108,1
4109,1
4110,1
4111,1
4112,1
4113,1
4114,0
4115,0
4116,0
4117,1
4118,0
4119,1
4120,1
4121,1
4122,1
4123,0
4124,1
4125,1
4126,1
4127,1
4128,1
4129,0
4130,1
4131,1
4132,0
4133,0
4134,0
4135,1
4136,0
4137,1
4138,0
4139,0
4140,1
4141,0
4142,0
4143,1
4144,1
4145,0
4146,1
4147,0
4148,1
4149,1
4150,0
4151,0
4152,1
4153,1
4154,1
4155,1
4156,1
4157,1
4158,0
4159,0
4160,1
4161,1
4162,1
4163,1
4164,0
4165,1
4166,0
4167,0
4168,1
4169,1
4170,0
4171,1
4172,1
4173,1
4174,1
4175,1
4176,1
4177,1
4178,1
4179,0
4180,0
4181,1
4182,0
4183,1
4184,1
4185,0
4186,1
4187,0
4188,0
4189,1
4190,1
4191,0
4192,1
4193,1
4194,1
4195,1
4196,1
4197,0
4198,1
4199,1
4200,0
4201,1
4202,0
4203,0
4204,0
4205,1
4206,0
4207,0
4208,1
4209,0
4210,0
4211,0
4212,0
4213,0
4214,1
4215,0
4216,1
4217,1
4218,0
4219,0
4220,1
4221,0
4222,1
4223,0
4224,1
4225,1
4226,1
4227,0
4228,1
4229,1
4230,1
4231,0
4232,1
4233,1
4234,0
4235,1
4236,0
4237,1
4238,1
4239,1
4240,1
4241,1
4242,0
4243,1
4244,0
4245,1
4246,1
4247,1
4248,0
4249,1
4250,1
4251,1
4252,1
4253,1
4254,1
4255,1
4256,0
4257,1
4258,0
4259,1
4260,1
4261,1
4262,1
4263,0
4264,1
4265,1
4266,0
4267,1
4268,1
4269,1
4270,1
4271,0
4272,0
4273,0
4274,1
4275,0
4276,1
4277,1
4278,1
4279,1
4280,0
4281,1
4282,0
4283,0
4284,1
4285,1
4286,0
4287,0
4288,1
4289,0
4290,0
4291,1
4292,1
4293,1
4294,1
4295,0
4296,1
4297,0
4298,0
4299,0
4300,0
4301,1
4302,0
4303,1
4304,0
4305,0
4306,1
4307,1
4308,0
4309,1
4310,1
4311,1
4312,0
4313,0
4314,1
4315,1
4316,0
4317,1
4318,0
4319,1
4320,1
4321,1
4322,0
4323,0
4324,1
4325,1
4326,1
4327,1
4328,1
4329,1
4330,1
4331,0
4332,1
4333,1
4334,0
4335,1
4336,0
4337,1
4338,1
4339,1
4340,1
4341,1
4342,0
4343,1
4344,0
4345,0
4346,1
4347,1
4348,1
4349,1
4350,1
4351,1
4352,1
4353,1
4354,1
4355,0
4356,1
4357,1
4358,0
4359,1
4360,1
4361,0
4362,0
4363,1
4364,0
4365,0
4366,1
4367,1
4368,1
4369,0
4370,1
4371,1
4372,0
4373,1
4374,0
4375,1
4376,0
4377,1
4378,1
4379,1
4380,1
4381,1
4382,1
4383,1
4384,0
4385,0
4386,0
4387,0
4388,1
4389,0
4390,0
4391,0
4392,1
4393,0
4394,0
4395,1
4396,1
4397,0
4398,0
4399,1
4400,1
4401,1
4402,1
4403,0
4404,1
4405,1
4406,1
4407,1
4408,1
4409,1
4410,1
4411,1
4412,0
4413,1
4414,0
4415,1
4416,1
4417,0
4418,1
4419,1
4420,1
4421,1
4422,1
4423,1
4424,1
4425,1
4426,1
4427,1
4428,1
4429,1
4430,1
4431,1
4432,1
4433,1
4434,1
4435,0
4436,1
4437,1
4438,0
4439,1
4440,1
4441,0
4442,1
4443,1
4444,0
4445,0
4446,1
4447,0
4448,0
4449,1
4450,0
4451,1
4452,1
4453,1
4454,0
4455,0
4456,1
4457,1
4458,1
4459,1
4460,1
4461,1
4462,1
4463,0
4464,0
4465,1
4466,0
4467,1
4468,1
4469,1
4470,1
4471,0
4472,1
4473,1
4474,1
4475,0
4476,1
4477,1
4478,0
4479,1
4480,1
4481,1
4482,1
4483,0
4484,1
4485,0
4486,1
4487,1
4488,1
4489,1
4490,1
4491,1
4492,1
4493,0
4494,1
4495,1
4496,0
4497,1
4498,0
4499,1
4500,1
4501,0
4502,0
4503,1
4504,0
4505,1
4506,1
4507,1
4508,1
4509,1
4510,1
4511,1
4512,1
4513,1
4514,0
4515,1
4516,0
4517,0
4518,1
4519,1
4520,1
4521,0
4522,0
4523,0
4524,0
4525,0
4526,1
4527,1
4528,1
4529,1
4530,1
4531,1
4532,0
4533,1
4534,0
4535,0
4536,0
4537,1
4538,1
4539,1
4540,1
4541,1
4542,1
4543,0
4544,0
4545,1
4546,1
4547,1
4548,1
4549,1
4550,1
4551,1
4552,1
4553,0
4554,1
4555,1
4556,0
4557,0
4558,0
4559,1
4560,0
4561,1
4562,1
4563,1
4564,0
4565,0
4566,0
4567,1
4568,1
4569,1
4570,0
4571,0
4572,1
4573,1
4574,0
4575,0
4576,1
4577,1
4578,0
4579,0
4580,1
4581,1
4582,1
4583,1
4584,0
4585,0
4586,1
4587,1
4588,1
4589,1
4590,1
4591,0
4592,1
4593,0
4594,1
4595,0
4596,1
4597,1
4598,0
4599,0
4600,1
4601,1
4602,1
4603,1
4604,1
4605,0
4606,1
4607,0
4608,0
4609,0
4610,1
4611,0
4612,1
4613,1
4614,0
4615,1
4616,1
4617,1
4618,0
4619,0
4620,1
4621,1
4622,1
4623,1
4624,1
4625,1
4626,0
4627,0
4628,0
4629,1
4630,1
4631,0
4632,1
4633,1
4634,1
4635,1
4636,0
4637,1
4638,0
4639,0
4640,0
4641,1
4642,1
4643,1
4644,1
4645,1
4646,0
4647,1
4648,1
4649,1
4650,1
4651,0
4652,1
4653,1
4654,0
4655,1
4656,1
4657,0
4658,1
4659,0
4660,0
4661,0
4662,1
4663,1
4664,1
4665,1
4666,0
4667,1
4668,0
4669,1
4670,1
4671,0
4672,0
4673,1
4674,1
4675,0
4676,0
4677,1
4678,1
4679,0
4680,0
4681,0
4682,1
4683,0
4684,1
4685,0
4686,1
4687,1
4688,1
4689,1
4690,1
4691,1
4692,0
4693,1
4694,1
4695,0
4696,1
4697,0
4698,1
4699,0
4700,1
4701,0
4702,1
4703,1
4704,1
4705,1
4706,0
4707,0
4708,1
4709,1
4710,1
4711,0
4712,0
4713,1
4714,1
4715,0
4716,1
4717,0
4718,1
4719,0
4720,0
4721,0
4722,1
4723,0
4724,1
4725,1
4726,1
4727,1
4728,1
4729,0
4730,1
4731,1
4732,0
4733,1
4734,1
4735,1
4736,0
4737,0
4738,1
4739,1
4740,0
4741,1
4742,1
4743,0
4744,1
4745,1
4746,1
4747,0
4748,1
4749,0
4750,0
4751,1
4752,0
4753,0
4754,1
4755,1
4756,1
4757,1
4758,0
4759,1
4760,1
4761,1
4762,1
4763,1
4764,1
4765,1
4766,0
4767,1
4768,1
4769,0
4770,1
4771,1
4772,0
4773,0
4774,0
4775,0
4776,0
4777,0
4778,1
4779,1
4780,1
4781,1
4782,1
4783,0
4784,1
4785,0
4786,1
4787,0
4788,1
4789,1
4790,0
4791,1
4792,1
4793,1
4794,1
4795,0
4796,0
4797,1
4798,0
4799,1
4800,0
4801,1
4802,1
4803,1
4804,1
4805,0
4806,1
4807,1
4808,0
4809,1
4810,1
4811,0
4812,1
4813,1
4814,1
4815,1
4816,1
4817,1
4818,1
4819,0
4820,1
4821,1
4822,1
4823,1
4824,1
4825,0
4826,0
4827,1
4828,1
4829,1
4830,1
4831,1
4832,1
4833,1
4834,1
4835,0
4836,1
4837,1
4838,1
4839,0
4840,0
4841,0
4842,0
4843,1
4844,0
4845,1
4846,1
4847,1
4848,1
4849,1
4850,0
4851,1
4852,1
4853,0
4854,1
4855,0
4856,1
4857,1
4858,0
4859,1
4860,0
4861,1
4862,1
4863,0
4864,1
4865,0
4866,0
4867,0
4868,1
4869,0
4870,1
4871,1
4872,1
4873,1
4874,1
4875,0
4876,1
4877,0
4878,1
4879,1
4880,1
4881,1
4882,0
4883,1
4884,1
4885,1
4886,1
4887,1
4888,0
4889,0
4890,1
4891,0
4892,1
4893,1
4894,1
4895,0
4896,0
4897,1
4898,0
4899,0
4900,1
4901,1
4902,1
4903,1
4904,1
4905,0
4906,1
4907,1
4908,1
4909,1
4910,1
4911,1
4912,1
4913,1
4914,1
4915,1
4916,1
4917,1
4918,1
4919,1
4920,1
4921,1
4922,1
4923,0
4924,1
4925,1
4926,1
4927,1
4928,1
4929,1
4930,1
4931,0
4932,1
4933,1
4934,1
4935,1
4936,0
4937,1
4938,0
4939,0
4940,1
4941,0
4942,0
4943,1
4944,0
4945,0
4946,1
4947,0
4948,0
4949,1
4950,0
4951,1
4952,1
4953,1
4954,0
4955,1
4956,1
4957,1
4958,0
4959,1
4960,1
4961,1
4962,0
4963,1
4964,0
4965,1
4966,0
4967,0
4968,0
4969,0
4970,0
4971,0
4972,1
4973,0
4974,1
4975,0
4976,1
4977,0
4978,0
4979,1
4980,1
4981,0
4982,1
4983,1
4984,0
4985,1
4986,0
4987,1
4988,1
4989,1
4990,0
4991,0
4992,1
4993,0
4994,1
4995,1
4996,1
4997,1
4998,0
4999,0
5000,1
5001,0
5002,1
5003,0
5004,0
5005,1
5006,0
5007,1
5008,0
5009,1
5010,0
5011,1
5012,1
5013,1
5014,1
5015,0
5016,1
5017,0
5018,1
5019,1
5020,1
5021,1
5022,0
5023,0
5024,1
5025,0
5026,0
5027,1
5028,0
5029,1
5030,0
5031,0
5032,0
5033,1
5034,0
5035,0
5036,0
5037,0
5038,1
5039,0
5040,1
5041,1
5042,1
5043,1
5044,0
5045,0
5046,0
5047,1
5048,1
5049,1
5050,0
5051,1
5052,1
5053,1
5054,1
5055,0
5056,0
5057,1
5058,1
5059,1
5060,1
5061,1
5062,1
5063,1
5064,0
5065,0
5066,1
5067,1
5068,0
5069,1
5070,1
5071,0
5072,1
5073,1
5074,1
5075,1
5076,1
5077,0
5078,1
5079,1
5080,1
5081,1
5082,1
5083,0
5084,1
5085,1
5086,0
5087,1
5088,1
5089,0
5090,1
5091,1
5092,1
5093,1
5094,1
5095,0
5096,1
5097,0
5098,1
5099,1
5100,1
5101,1
5102,1
5103,1
5104,0
5105,1
5106,1
5107,1
5108,0
5109,1
5110,0
5111,1
5112,1
5113,0
5114,0
5115,0
5116,1
5117,1
5118,1
5119,0
5120,0
5121,0
5122,1
5123,1
5124,1
5125,0
5126,1
5127,0
5128,1
5129,1
5130,0
5131,0
5132,0
5133,1
5134,1
5135,1
5136,1
5137,1
5138,0
5139,0
5140,1
5141,1
5142,0
5143,0
5144,0
5145,1
5146,1
5147,1
5148,1
5149,1
5150,1
5151,1
5152,1
5153,0
5154,1
5155,1
5156,1
5157,0
5158,1
5159,0
5160,0
5161,1
5162,1
5163,0
5164,1
5165,1
5166,1
5167,0
5168,1
5169,1
5170,1
5171,0
5172,1
5173,1
5174,1
5175,0
5176,1
5177,1
5178,0
5179,0
5180,0
5181,1
5182,1
5183,1
5184,0
5185,1
5186,1
5187,1
5188,1
5189,1
5190,1
5191,1
5192,0
5193,1
5194,1
5195,1
5196,0
5197,1
5198,0
5199,0
5200,1
5201,1
5202,0
5203,0
5204,0
5205,1
5206,0
5207,1
5208,0
5209,1
5210,0
5211,1
5212,0
5213,1
5214,1
5215,0
5216,0
5217,1
5218,1
5219,1
5220,1
5221,0
5222,0
5223,1
5224,0
5225,1
5226,1
5227,1
5228,1
5229,0
5230,0
5231,0
5232,1
5233,0
5234,1
5235,1
5236,1
5237,1
5238,0
5239,1
5240,1
5241,1
5242,1
5243,0
5244,0
5245,1
5246,1
5247,1
5248,0
5249,1
5250,1
5251,1
5252,1
5253,1
5254,0
5255,1
5256,0
5257,0
5258,0
5259,1
5260,1
5261,1
5262,1
5263,0
5264,1
5265,1
5266,0
5267,0
5268,1
5269,1
5270,1
5271,0
5272,0
5273,1
5274,0
5275,1
5276,1
5277,1
5278,0
5279,0
5280,0
5281,0
5282,0
5283,0
5284,0
5285,0
5286,1
5287,1
5288,1
5289,1
5290,1
5291,1
5292,1
5293,1
5294,0
5295,1
5296,0
5297,1
5298,1
5299,0
5300,1
5301,0
5302,1
5303,0
5304,0
5305,0
5306,1
5307,0
5308,1
5309,1
5310,0
5311,1
5312,0
5313,0
5314,1
5315,1
5316,0
5317,1
5318,1
5319,1
5320,0
5321,1
5322,0
5323,1
5324,1
5325,1
5326,1
5327,1
5328,1
5329,0
5330,0
5331,1
5332,0
5333,1
5334,0
5335,1
5336,0
5337,1
5338,1
5339,1
5340,0
5341,1
5342,1
5343,1
5344,1
5345,1
5346,0
5347,0
5348,0
5349,1
5350,1
5351,0
5352,1
5353,1
5354,1
5355,1
5356,0
5357,1
5358,1
5359,1
5360,1
5361,0
5362,1
5363,0
5364,1
5365,0
5366,1
5367,0
5368,1
5369,1
5370,1
5371,1
5372,1
5373,0
5374,1
5375,1
5376,1
5377,1
5378,1
5379,0
5380,1
5381,1
5382,0
5383,1
5384,0
5385,1
5386,1
5387,1
5388,0
5389,0
5390,1
5391,0
5392,0
5393,1
5394,1
5395,1
5396,0
5397,0
5398,1
5399,1
5400,1
5401,0
5402,1
5403,0
5404,1
5405,1
5406,1
5407,0
5408,0
5409,1
5410,1
5411,1
5412,0
5413,1
5414,1
5415,1
5416,0
5417,1
5418,0
5419,1
5420,1
5421,1
5422,1
5423,1
5424,0
5425,1
5426,0
5427,0
5428,1
5429,1
5430,0
5431,1
5432,1
5433,0
5434,0
5435,1
5436,0
5437,1
5438,0
5439,1
5440,1
5441,1
5442,1
5443,1
5444,0
5445,1
5446,1
5447,0
5448,1
5449,0
5450,1
5451,1
5452,0
5453,1
5454,1
5455,1
5456,1
5457,1
5458,1
5459,0
5460,0
5461,0
5462,1
5463,0
5464,1
5465,0
5466,1
5467,1
5468,1
5469,0
5470,1
5471,1
5472,1
5473,1
5474,0
5475,0
5476,0
5477,0
5478,1
5479,1
5480,0
5481,0
5482,1
5483,1
5484,0
5485,1
5486,0
5487,0
5488,1
5489,0
5490,1
5491,1
5492,1
5493,1
5494,1
5495,1
5496,1
5497,1
5498,1
5499,0
5500,0
5501,1
5502,1
5503,0
5504,1
5505,1
5506,1
5507,0
5508,0
5509,1
5510,0
5511,1
5512,1
5513,0
5514,1
5515,0
5516,1
5517,1
5518,1
5519,1
5520,0
5521,1
5522,1
5523,1
5524,1
5525,1
5526,1
5527,0
5528,1
5529,1
5530,1
5531,1
5532,0
5533,1
5534,1
5535,1
5536,0
5537,0
5538,1
5539,0
5540,1
5541,0
5542,1
5543,1
5544,1
5545,0
5546,1
5547,1
5548,1
5549,1
5550,0
5551,0
5552,1
5553,1
5554,1
5555,0
5556,0
5557,1
5558,0
5559,0
5560,0
5561,0
5562,0
5563,1
5564,0
5565,1
5566,1
5567,1
5568,1
5569,1
5570,0
5571,0
5572,1
5573,0
5574,0
5575,1
5576,1
5577,0
5578,1
5579,1
5580,1
5581,1
5582,1
5583,0
5584,0
5585,0
5586,1
5587,0
5588,1
5589,1
5590,0
5591,1
5592,0
5593,1
5594,1
5595,0
5596,0
5597,1
5598,0
5599,0
5600,0
5601,1
5602,0
5603,0
5604,1
5605,0
5606,1
5607,0
5608,0
5609,1
5610,1
5611,0
5612,1
5613,0
5614,1
5615,1
5616,1
5617,0
5618,0
5619,0
5620,1
5621,1
5622,1
5623,1
5624,0
5625,1
5626,0
5627,1
5628,1
5629,0
5630,1
5631,0
5632,1
5633,1
5634,1
5635,1
5636,1
5637,1
5638,1
5639,0
5640,0
5641,1
5642,0
5643,1
5644,1
5645,1
5646,1
5647,0
5648,1
5649,1
5650,0
5651,0
5652,0
5653,1
5654,0
5655,0
5656,1
5657,1
5658,1
5659,1
5660,1
5661,1
5662,0
5663,1
5664,0
5665,1
5666,0
5667,1
5668,0
5669,1
5670,0
5671,0
5672,1
5673,1
5674,1
5675,0
5676,0
5677,1
5678,0
5679,1
5680,1
5681,0
5682,0
5683,1
5684,1
5685,1
5686,1
5687,1
5688,0
5689,1
5690,1
5691,0
5692,0
5693,1
5694,1
5695,1
5696,1
5697,1
5698,0
5699,1
5700,0
5701,0
5702,0
5703,0
5704,0
5705,1
5706,1
5707,0
5708,1
5709,1
5710,1
5711,1
5712,0
5713,0
5714,1
5715,1
5716,0
5717,0
5718,0
5719,0
5720,0
5721,1
5722,1
5723,0
5724,0
5725,0
5726,0
5727,1
5728,0
5729,0
5730,0
5731,0
5732,1
5733,1
5734,0
5735,0
5736,1
5737,0
5738,1
5739,1
5740,1
5741,0
5742,1
5743,1
5744,1
5745,1
5746,0
5747,0
5748,0
5749,1
5750,0
5751,0
5752,1
5753,1
5754,1
5755,0
5756,0
5757,1
5758,1
5759,1
5760,1
5761,1
5762,1
5763,1
5764,1
5765,1
5766,0
5767,1
5768,1
5769,1
5770,1
5771,1
5772,1
5773,1
5774,1
5775,1
5776,1
5777,0
5778,1
5779,1
5780,1
5781,1
5782,1
5783,1
5784,0
5785,0
5786,1
5787,0
5788,1
5789,0
5790,1
5791,1
5792,1
5793,1
5794,0
5795,0
5796,1
5797,1
5798,1
5799,1
5800,1
5801,1
5802,0
5803,1
5804,1
5805,0
5806,1
5807,0
5808,0
5809,0
5810,1
5811,1
5812,0
5813,1
5814,1
5815,1
5816,1
5817,0
5818,0
5819,0
5820,0
5821,0
5822,0
5823,1
5824,1
5825,1
5826,1
5827,1
5828,0
5829,0
5830,0
5831,0
5832,0
5833,1
5834,0
5835,0
5836,1
5837,1
5838,1
5839,1
5840,1
5841,0
5842,1
5843,0
5844,0
5845,0
5846,0
5847,1
5848,0
5849,1
5850,1
5851,0
5852,1
5853,1
5854,0
5855,1
5856,0
5857,1
5858,0
5859,1
5860,0
5861,0
5862,1
5863,1
5864,1
5865,0
5866,0
5867,0
5868,0
5869,0
5870,0
5871,1
5872,1
5873,0
5874,1
5875,1
5876,1
5877,1
5878,1
5879,1
5880,0
5881,1
5882,1
5883,0
5884,1
5885,1
5886,1
5887,1
5888,0
5889,1
5890,0
5891,1
5892,0
5893,1
5894,1
5895,1
5896,0
5897,1
5898,0
5899,0
5900,0
5901,1
5902,1
5903,1
5904,0
5905,1
5906,1
5907,0
5908,0
5909,1
5910,0
5911,0
5912,0
5913,0
5914,1
5915,1
5916,1
5917,1
5918,0
5919,0
5920,1
5921,1
5922,1
5923,1
5924,0
5925,1
5926,0
5927,0
5928,1
5929,1
5930,1
5931,0
5932,1
5933,1
5934,1
5935,0
5936,1
5937,1
5938,1
5939,1
5940,1
5941,1
5942,0
5943,0
5944,1
5945,1
5946,1
5947,0
5948,1
5949,1
5950,1
5951,1
5952,0
5953,1
5954,1
5955,0
5956,1
5957,0
5958,1
5959,1
5960,1
5961,0
5962,1
5963,1
5964,0
5965,0
5966,0
5967,1
5968,1
5969,0
5970,1
5971,1
5972,0
5973,1
5974,1
5975,1
5976,1
5977,0
5978,1
5979,1
5980,0
5981,1
5982,1
5983,1
5984,1
5985,1
5986,0
5987,1
5988,1
5989,1
5990,0
5991,1
5992,1
5993,0
5994,1
5995,0
5996,1
5997,0
5998,0
5999,1
6000,1
6001,1
6002,1
6003,1
6004,1
6005,1
6006,0
6007,1
6008,1
6009,0
6010,1
6011,1
6012,1
6013,1
6014,1
6015,0
6016,1
6017,0
6018,0
6019,0
6020,0
6021,1
6022,1
6023,1
6024,1
6025,1
6026,1
6027,1
6028,1
6029,1
6030,1
6031,1
6032,1
6033,1
6034,0
6035,0
6036,0
6037,1
6038,1
6039,1
6040,0
6041,1
6042,1
6043,1
6044,0
6045,1
6046,1
6047,1
6048,1
6049,0
6050,1
6051,1
6052,1
6053,1
6054,1
6055,1
6056,0
6057,1
6058,1
6059,1
6060,1
6061,1
6062,0
6063,0
6064,0
6065,0
6066,1
6067,1
6068,1
6069,0
6070,0
6071,0
6072,1
6073,0
6074,1
6075,1
6076,1
6077,0
6078,0
6079,0
6080,1
6081,1
6082,1
6083,0
6084,1
6085,0
6086,1
6087,1
6088,1
6089,1
6090,0
6091,1
6092,1
6093,1
6094,0
6095,1
6096,0
6097,1
6098,0
6099,1
6100,1
6101,1
6102,1
6103,0
6104,0
6105,0
6106,0
6107,1
6108,0
6109,1
6110,1
6111,1
6112,1
6113,1
6114,1
6115,1
6116,1
6117,0
6118,0
6119,1
6120,0
6121,0
6122,0
6123,0
6124,1
6125,1
6126,1
6127,1
6128,1
6129,1
6130,0
6131,1
6132,0
6133,1
6134,1
6135,1
6136,1
6137,0
6138,1
6139,0
6140,0
6141,1
6142,1
6143,1
6144,1
6145,1
6146,1
6147,0
6148,0
6149,1
6150,1
6151,1
6152,0
6153,0
6154,1
6155,1
6156,0
6157,1
6158,1
6159,1
6160,1
6161,1
6162,1
6163,1
6164,1
6165,1
6166,1
6167,1
6168,0
6169,1
6170,1
6171,1
6172,1
6173,1
6174,0
6175,0
6176,0
6177,0
6178,1
6179,1
6180,1
6181,1
6182,1
6183,0
6184,0
6185,0
6186,0
6187,1
6188,0
6189,1
6190,1
6191,1
6192,1
6193,1
6194,0
6195,1
6196,1
6197,1
6198,1
6199,1
6200,1
6201,0
6202,0
6203,1
6204,1
6205,1
6206,0
6207,1
6208,0
6209,1
6210,1
6211,0
6212,1
6213,1
6214,1
6215,1
6216,1
6217,1
6218,1
6219,1
6220,1
6221,1
6222,0
6223,0
6224,1
6225,0
6226,0
6227,1
6228,0
6229,0
6230,1
6231,0
6232,0
6233,1
6234,1
6235,1
6236,1
6237,1
6238,0
6239,1
6240,1
6241,1
6242,1
6243,0
6244,0
6245,1
6246,0
6247,1
6248,1
6249,0
6250,0
6251,1
6252,1
6253,0
6254,1
6255,1
6256,1
6257,1
6258,0
6259,1
6260,0
6261,1
6262,1
6263,0
6264,0
6265,1
6266,1
6267,0
6268,1
6269,1
6270,0
6271,1
6272,1
6273,0
6274,0
6275,1
6276,1
6277,0
6278,0
6279,1
6280,1
6281,1
6282,1
6283,1
6284,1
6285,0
6286,0
6287,0
6288,0
6289,0
6290,1
6291,0
6292,0
6293,0
6294,1
6295,1
6296,1
6297,1
6298,1
6299,1
6300,1
6301,0
6302,1
6303,1
6304,0
6305,0
6306,0
6307,1
6308,1
6309,1
6310,1
6311,1
6312,1
6313,1
6314,0
6315,1
6316,1
6317,0
6318,1
6319,0
6320,0
6321,1
6322,0
6323,1
6324,0
6325,0
6326,0
6327,0
6328,1
6329,0
6330,1
6331,1
6332,1
6333,1
6334,1
6335,1
6336,1
6337,1
6338,0
6339,1
6340,1
6341,1
6342,0
6343,1
6344,0
6345,1
6346,0
6347,1
6348,1
6349,1
6350,1
6351,0
6352,0
6353,1
6354,1
6355,1
6356,1
6357,1
6358,1
6359,1
6360,1
6361,1
6362,1
6363,0
6364,1
6365,1
6366,0
6367,1
6368,1
6369,0
6370,1
6371,0
6372,0
6373,1
6374,0
6375,1
6376,0
6377,0
6378,1
6379,0
6380,1
6381,1
6382,1
6383,1
6384,1
6385,1
6386,1
6387,0
6388,1
6389,1
6390,0
6391,0
6392,0
6393,1
6394,1
6395,0
6396,0
6397,1
6398,0
6399,0
6400,1
6401,0
6402,1
6403,0
6404,1
6405,1
6406,1
6407,1
6408,0
6409,0
6410,1
6411,0
6412,0
6413,1
6414,0
6415,0
6416,1
6417,1
6418,1
6419,0
6420,1
6421,1
6422,1
6423,1
6424,1
6425,1
6426,1
6427,1
6428,0
6429,1
6430,1
6431,0
6432,1
6433,0
6434,1
6435,0
6436,0
6437,0
6438,0
6439,1
6440,0
6441,0
6442,1
6443,1
6444,0
6445,1
6446,0
6447,1
6448,1
6449,0
6450,1
6451,1
6452,0
6453,1
6454,1
6455,1
6456,0
6457,1
6458,1
6459,0
6460,0
6461,1
6462,0
6463,0
6464,1
6465,0
6466,1
6467,1
6468,1
6469,0
6470,0
6471,1
6472,1
6473,0
6474,0
6475,0
6476,1
6477,0
6478,0
6479,1
6480,1
6481,1
6482,0
6483,1
6484,1
6485,1
6486,0
6487,0
6488,1
6489,0
6490,1
6491,0
6492,1
6493,0
6494,0
6495,0
6496,1
6497,1
6498,1
6499,1
6500,0
6501,1
6502,0
6503,1
6504,1
6505,0
6506,1
6507,1
6508,1
6509,1
6510,0
6511,1
6512,1
6513,0
6514,0
6515,0
6516,1
6517,1
6518,0
6519,1
6520,1
6521,1
6522,1
6523,0
6524,1
6525,1
6526,1
6527,1
6528,1
6529,0
6530,1
6531,1
6532,1
6533,1
6534,0
6535,1
6536,0
6537,1
6538,1
6539,1
6540,1
6541,0
6542,1
6543,1
6544,0
6545,0
6546,0
6547,1
6548,1
6549,0
6550,1
6551,1
6552,0
6553,1
6554,0
6555,1
6556,0
6557,1
6558,0
6559,0
6560,1
6561,1
6562,1
6563,1
6564,1
6565,1
6566,0
6567,1
6568,1
6569,0
6570,1
6571,1
6572,1
6573,1
6574,1
6575,1
6576,1
6577,0
6578,0
6579,0
6580,0
6581,1
6582,0
6583,0
6584,1
6585,1
6586,1
6587,0
6588,1
6589,1
6590,1
6591,0
6592,1
6593,1
6594,1
6595,1
6596,1
6597,0
6598,1
6599,0
6600,1
6601,0
6602,1
6603,1
6604,1
6605,1
6606,1
6607,0
6608,0
6609,1
6610,1
6611,0
6612,1
6613,1
6614,1
6615,1
6616,0
6617,1
6618,1
6619,0
6620,1
6621,1
6622,1
6623,0
6624,1
6625,1
6626,1
6627,1
6628,1
6629,1
6630,0
6631,1
6632,0
6633,1
6634,0
6635,0
6636,1
6637,0
6638,1
6639,0
6640,0
6641,1
6642,1
6643,1
6644,1
6645,0
6646,0
6647,0
6648,0
6649,0
6650,1
6651,1
6652,0
6653,0
6654,1
6655,1
6656,1
6657,1
6658,0
6659,0
6660,0
6661,1
6662,1
6663,0
6664,1
6665,1
6666,0
6667,1
6668,1
6669,0
6670,0
6671,0
6672,1
6673,1
6674,1
6675,1
6676,0
6677,1
6678,0
6679,1
6680,0
6681,1
6682,1
6683,1
6684,0
6685,1
6686,0
6687,0
6688,0
6689,1
6690,1
6691,0
6692,1
6693,1
6694,1
6695,0
6696,1
6697,0
6698,0
6699,1
6700,1
6701,1
6702,0
6703,0
6704,1
6705,0
6706,1
6707,1
6708,0
6709,0
6710,1
6711,1
6712,1
6713,0
6714,1
6715,1
6716,0
6717,0
6718,1
6719,0
6720,1
6721,0
6722,1
6723,1
6724,1
6725,1
6726,0
6727,1
6728,1
6729,1
6730,1
6731,1
6732,0
6733,1
6734,1
6735,1
6736,0
6737,1
6738,1
6739,1
6740,1
6741,0
6742,1
6743,0
6744,0
6745,0
6746,0
6747,1
6748,1
6749,1
6750,0
6751,1
6752,0
6753,0
6754,1
6755,1
6756,1
6757,1
6758,0
6759,0
6760,1
6761,1
6762,0
6763,1
6764,0
6765,0
6766,1
6767,1
6768,1
6769,1
6770,1
6771,0
6772,1
6773,1
6774,0
6775,1
6776,0
6777,0
6778,0
6779,1
6780,1
6781,1
6782,1
6783,0
6784,0
6785,1
6786,0
6787,1
6788,1
6789,1
6790,1
6791,1
6792,0
6793,0
6794,1
6795,0
6796,1
6797,1
6798,0
6799,1
6800,1
6801,0
6802,1
6803,1
6804,0
6805,1
6806,1
6807,1
6808,1
6809,0
6810,0
6811,0
6812,0
6813,0
6814,1
6815,0
6816,0
6817,1
6818,0
6819,0
6820,0
6821,1
6822,1
6823,1
6824,1
6825,1
6826,1
6827,0
6828,0
6829,1
6830,0
6831,1
6832,1
6833,1
6834,1
6835,1
6836,0
6837,1
6838,1
6839,1
6840,0
6841,0
6842,1
6843,0
6844,0
6845,1
6846,0
6847,1
6848,1
6849,1
6850,1
6851,1
6852,0
6853,1
6854,1
6855,1
6856,1
6857,1
6858,1
6859,1
6860,0
6861,0
6862,0
6863,0
6864,0
6865,0
6866,1
6867,1
6868,0
6869,1
6870,1
6871,0
6872,1
6873,0
6874,1
6875,0
6876,1
6877,1
6878,1
6879,1
6880,1
6881,0
6882,0
6883,1
6884,1
6885,0
6886,0
6887,1
6888,1
6889,0
6890,1
6891,0
6892,1
6893,0
6894,0
6895,0
6896,0
6897,1
6898,1
6899,1
6900,1
6901,1
6902,0
6903,1
6904,1
6905,1
6906,1
6907,1
6908,1
6909,1
6910,1
6911,1
6912,1
6913,1
6914,1
6915,1
6916,1
6917,0
6918,1
6919,0
6920,1
6921,1
6922,0
6923,0
6924,0
6925,1
6926,0
6927,0
6928,1
6929,1
6930,1
6931,1
6932,0
6933,0
6934,1
6935,0
6936,1
6937,1
6938,1
6939,0
6940,1
6941,1
6942,0
6943,1
6944,1
6945,1
6946,1
6947,0
6948,0
6949,1
6950,1
6951,1
6952,1
6953,1
6954,1
6955,1
6956,1
6957,0
6958,0
6959,0
6960,0
6961,1
6962,0
6963,1
6964,1
6965,0
6966,0
6967,1
6968,1
6969,1
6970,1
6971,1
6972,1
6973,1
6974,1
6975,0
6976,1
6977,1
6978,0
6979,1
6980,0
6981,1
6982,1
6983,0
6984,1
6985,1
6986,1
6987,1
6988,1
6989,1
6990,1
6991,0
6992,1
6993,1
6994,1
6995,1
6996,1
6997,0
6998,1
6999,1
7000,0
7001,1
7002,0
7003,1
7004,0
7005,1
7006,1
7007,0
7008,1
7009,1
7010,0
7011,0
7012,0
7013,0
7014,1
7015,0
7016,1
7017,0
7018,1
7019,1
7020,0
7021,1
7022,1
7023,1
7024,1
7025,0
7026,1
7027,0
7028,1
7029,0
7030,1
7031,1
7032,0
7033,1
7034,1
7035,1
7036,0
7037,1
7038,1
7039,1
7040,1
7041,0
7042,1
7043,1
7044,1
7045,1
7046,1
7047,0
7048,1
7049,0
7050,1
7051,1
7052,1
7053,1
7054,0
7055,0
7056,1
7057,1
7058,0
7059,1
7060,1
7061,0
7062,1
7063,0
7064,0
7065,0
7066,1
7067,1
7068,0
7069,1
7070,1
7071,1
7072,0
7073,0
7074,0
7075,1
7076,1
7077,1
7078,1
7079,1
7080,1
7081,0
7082,0
7083,0
7084,1
7085,1
7086,0
7087,0
7088,1
7089,0
7090,0
7091,0
7092,1
7093,1
7094,1
7095,1
7096,1
7097,0
7098,1
7099,1
7100,1
7101,1
7102,1
7103,1
7104,0
7105,1
7106,0
7107,0
7108,0
7109,1
7110,1
7111,1
7112,1
7113,0
7114,1
7115,0
7116,0
7117,0
7118,0
7119,1
7120,1
7121,1
7122,1
7123,0
7124,0
7125,0
7126,0
7127,0
7128,0
7129,1
7130,1
7131,0
7132,1
7133,0
7134,1
7135,1
7136,1
7137,0
7138,1
7139,0
7140,1
7141,0
7142,1
7143,1
7144,0
7145,1
7146,1
7147,0
7148,0
7149,0
7150,0
7151,1
7152,1
7153,1
7154,1
7155,1
7156,1
7157,1
7158,0
7159,1
7160,1
7161,1
7162,1
7163,1
7164,0
7165,1
7166,1
7167,1
7168,0
7169,0
7170,0
7171,1
7172,0
7173,1
7174,1
7175,0
7176,1
7177,1
7178,1
7179,0
7180,1
7181,1
7182,1
7183,1
7184,1
7185,1
7186,0
7187,1
7188,1
7189,0
7190,1
7191,1
7192,1
7193,1
7194,0
7195,0
7196,0
7197,1
7198,1
7199,1
7200,1
7201,1
7202,0
7203,1
7204,1
7205,1
7206,0
7207,0
7208,0
7209,1
7210,1
7211,0
7212,1
7213,1
7214,0
7215,0
7216,0
7217,1
7218,0
7219,1
7220,1
7221,1
7222,0
7223,1
7224,1
7225,1
7226,1
7227,1
7228,1
7229,1
7230,1
7231,0
7232,1
7233,1
7234,1
7235,0
7236,1
7237,1
7238,1
7239,0
7240,1
7241,1
7242,1
7243,1
7244,1
7245,1
7246,1
7247,1
7248,1
7249,0
7250,0
7251,1
7252,0
7253,1
7254,1
7255,0
7256,0
7257,1
7258,1
7259,1
7260,1
7261,1
7262,1
7263,1
7264,0
7265,0
7266,1
7267,1
7268,0
7269,1
7270,1
7271,1
7272,1
7273,1
7274,0
7275,0
7276,1
7277,0
7278,1
7279,0
7280,0
7281,0
7282,1
7283,0
7284,0
7285,0
7286,0
7287,1
7288,1
7289,1
7290,0
7291,1
7292,0
7293,1
7294,0
7295,0
7296,1
7297,1
7298,1
7299,1
7300,1
7301,1
7302,1
7303,1
7304,1
7305,0
7306,1
7307,0
7308,1
7309,0
7310,1
7311,1
7312,0
7313,1
7314,0
7315,0
7316,0
7317,0
7318,0
7319,1
7320,0
7321,0
7322,1
7323,1
7324,0
7325,1
7326,0
7327,1
7328,1
7329,1
7330,1
7331,1
7332,0
7333,1
7334,1
7335,1
7336,1
7337,1
7338,0
7339,0
7340,0
7341,0
7342,1
7343,0
7344,1
7345,1
7346,0
7347,1
7348,0
7349,1
7350,1
7351,0
7352,1
7353,1
7354,0
7355,0
7356,0
7357,1
7358,1
7359,0
7360,1
7361,1
7362,0
7363,1
7364,1
7365,0
7366,1
7367,0
7368,1
7369,1
7370,1
7371,0
7372,1
7373,1
7374,1
7375,0
7376,1
7377,1
7378,1
7379,0
7380,0
7381,1
7382,0
7383,1
7384,1
7385,1
7386,1
7387,1
7388,1
7389,1
7390,1
7391,1
7392,0
7393,1
7394,1
7395,1
7396,0
7397,0
7398,1
7399,0
7400,1
7401,1
7402,1
7403,0
7404,1
7405,1
7406,1
7407,1
7408,1
7409,0
7410,1
7411,1
7412,0
7413,1
7414,1
7415,1
7416,0
7417,1
7418,1
7419,0
7420,0
7421,1
7422,1
7423,1
7424,1
7425,1
7426,1
7427,1
7428,0
7429,0
7430,0
7431,0
7432,1
7433,0
7434,0
7435,1
7436,1
7437,1
7438,0
7439,0
7440,1
7441,1
7442,0
7443,1
7444,1
7445,1
7446,0
7447,1
7448,1
7449,1
7450,1
7451,1
7452,0
7453,1
7454,1
7455,1
7456,0
7457,0
7458,1
7459,1
7460,1
7461,0
7462,0
7463,1
7464,1
7465,0
7466,0
7467,1
7468,0
7469,1
7470,1
7471,1
7472,1
7473,1
7474,1
7475,1
7476,1
7477,0
7478,0
7479,1
7480,1
7481,1
7482,0
7483,1
7484,1
7485,1
7486,1
7487,1
7488,1
7489,1
7490,0
7491,1
7492,0
7493,1
7494,1
7495,1
7496,1
7497,1
7498,1
7499,1
7500,1
7501,0
7502,1
7503,0
7504,1
7505,1
7506,0
7507,1
7508,1
7509,0
7510,0
7511,1
7512,0
7513,1
7514,1
7515,1
7516,1
7517,1
7518,0
7519,0
7520,1
7521,0
7522,0
7523,1
7524,0
7525,1
7526,1
7527,1
7528,1
7529,1
7530,0
7531,1
7532,0
7533,0
7534,0
7535,0
7536,1
7537,1
7538,1
7539,1
7540,1
7541,1
7542,1
7543,1
7544,1
7545,1
7546,0
7547,0
7548,1
7549,1
7550,1
7551,1
7552,1
7553,1
7554,1
7555,1
7556,1
7557,0
7558,1
7559,0
7560,0
7561,0
7562,1
7563,1
7564,1
7565,0
7566,1
7567,1
7568,1
7569,1
7570,1
7571,1
7572,0
7573,0
7574,0
7575,0
7576,0
7577,0
7578,1
7579,1
7580,1
7581,1
7582,0
7583,1
7584,0
7585,1
7586,0
7587,1
7588,1
7589,1
7590,0
7591,1
7592,0
7593,0
7594,1
7595,0
7596,1
7597,1
7598,1
7599,1
7600,1
7601,1
7602,1
7603,1
7604,0
7605,1
7606,0
7607,1
7608,0
7609,0
7610,0
7611,0
7612,1
7613,0
7614,0
7615,1
7616,1
7617,1
7618,1
7619,1
7620,1
7621,1
7622,1
7623,0
7624,1
7625,1
7626,0
7627,1
7628,0
7629,1
7630,1
7631,1
7632,0
7633,1
7634,0
7635,1
7636,1
7637,1
7638,1
7639,1
7640,0
7641,1
7642,0
7643,1
7644,1
7645,1
7646,1
7647,0
7648,1
7649,1
7650,0
7651,0
7652,0
7653,1
7654,0
7655,1
7656,1
7657,1
7658,1
7659,0
7660,1
7661,0
7662,1
7663,1
7664,0
7665,0
7666,1
7667,0
7668,1
7669,1
7670,1
7671,0
7672,1
7673,0
7674,1
7675,0
7676,1
7677,1
7678,1
7679,1
7680,1
7681,1
7682,1
7683,1
7684,1
7685,1
7686,1
7687,1
7688,0
7689,0
7690,0
7691,1
7692,1
7693,1
7694,1
7695,0
7696,1
7697,0
7698,1
7699,0
7700,0
7701,0
7702,0
7703,0
7704,0
7705,0
7706,1
7707,0
7708,0
7709,0
7710,1
7711,1
7712,1
7713,1
7714,0
7715,1
7716,1
7717,1
7718,1
7719,1
7720,0
7721,1
7722,1
7723,1
7724,1
7725,0
7726,0
7727,1
7728,0
7729,1
7730,0
7731,1
7732,1
7733,1
7734,1
7735,1
7736,1
7737,0
7738,0
7739,0
7740,0
7741,1
7742,0
7743,0
7744,0
7745,0
7746,0
7747,1
7748,0
7749,0
7750,0
7751,0
7752,0
7753,0
7754,1
7755,1
7756,1
7757,1
7758,0
7759,1
7760,1
7761,0
7762,1
7763,1
7764,1
7765,0
7766,1
7767,0
7768,1
7769,0
7770,1
7771,1
7772,1
7773,0
7774,0
7775,1
7776,1
7777,1
7778,1
7779,1
7780,1
7781,1
7782,1
7783,1
7784,1
7785,1
7786,1
7787,0
7788,1
7789,0
7790,0
7791,0
7792,1
7793,1
7794,0
7795,1
7796,1
7797,1
7798,1
7799,0
7800,1
7801,1
7802,1
7803,1
7804,0
7805,1
7806,0
7807,0
7808,1
7809,0
7810,0
7811,0
7812,1
7813,1
7814,1
7815,0
7816,1
7817,1
7818,0
7819,1
7820,0
7821,1
7822,1
7823,1
7824,1
7825,1
7826,1
7827,1
7828,1
7829,1
7830,0
7831,1
7832,1
7833,1
7834,1
7835,0
7836,1
7837,0
7838,0
7839,1
7840,0
7841,0
7842,1
7843,0
7844,1
7845,1
7846,1
7847,1
7848,0
7849,1
7850,0
7851,0
7852,1
7853,0
7854,0
7855,0
7856,1
7857,1
7858,0
7859,1
7860,1
7861,0
7862,0
7863,1
7864,0
7865,1
7866,1
7867,0
7868,0
7869,1
7870,1
7871,0
7872,1
7873,1
7874,0
7875,1
7876,0
7877,0
7878,1
7879,0
7880,0
7881,1
7882,1
7883,0
7884,1
7885,1
7886,1
7887,0
7888,1
7889,1
7890,1
7891,1
7892,1
7893,1
7894,0
7895,1
7896,1
7897,0
7898,0
7899,1
7900,0
7901,1
7902,0
7903,1
7904,0
7905,0
7906,1
7907,0
7908,1
7909,0
7910,0
7911,1
7912,0
7913,1
7914,1
7915,0
7916,1
7917,1
7918,0
7919,1
7920,1
7921,0
7922,0
7923,1
7924,0
7925,0
7926,1
7927,1
7928,1
7929,1
7930,0
7931,0
7932,0
7933,0
7934,1
7935,1
7936,1
7937,1
7938,1
7939,0
7940,1
7941,0
7942,1
7943,0
7944,1
7945,0
7946,0
7947,0
7948,1
7949,1
7950,0
7951,1
7952,1
7953,0
7954,0
7955,0
7956,1
7957,1
7958,1
7959,1
7960,1
7961,1
7962,1
7963,1
7964,1
7965,1
7966,1
7967,1
7968,1
7969,0
7970,0
7971,0
7972,1
7973,0
7974,1
7975,0
7976,1
7977,1
7978,0
7979,0
7980,1
7981,1
7982,1
7983,0
7984,1
7985,0
7986,1
7987,0
7988,0
7989,1
7990,0
7991,0
7992,1
7993,1
7994,1
7995,1
7996,1
7997,1
7998,1
7999,1
8000,1
8001,0
8002,0
8003,0
8004,1
8005,1
8006,1
8007,1
8008,1
8009,1
8010,1
8011,0
8012,0
8013,1
8014,0
8015,1
8016,1
8017,1
8018,1
8019,1
8020,0
8021,1
8022,1
8023,1
8024,1
8025,1
8026,1
8027,1
8028,1
8029,0
8030,0
8031,1
8032,1
8033,1
8034,0
8035,1
8036,0
8037,1
8038,1
8039,1
8040,1
8041,1
8042,1
8043,1
8044,1
8045,1
8046,1
8047,1
8048,1
8049,1
8050,1
8051,1
8052,0
8053,0
8054,0
8055,0
8056,0
8057,0
8058,1
8059,1
8060,1
8061,0
8062,1
8063,1
8064,0
8065,1
8066,0
8067,0
8068,1
8069,0
8070,0
8071,0
8072,0
8073,1
8074,1
8075,1
8076,1
8077,0
8078,1
8079,1
8080,1
8081,1
8082,0
8083,0
8084,1
8085,1
8086,1
8087,1
8088,0
8089,1
8090,0
8091,0
8092,0
8093,1
8094,1
8095,1
8096,0
8097,1
8098,1
8099,1
8100,1
8101,0
8102,0
8103,1
8104,1
8105,1
8106,1
8107,1
8108,1
8109,0
8110,0
8111,0
8112,1
8113,1
8114,1
8115,0
8116,0
8117,0
8118,0
8119,1
8120,0
8121,1
8122,0
8123,1
8124,1
8125,0
8126,1
8127,1
8128,1
8129,1
8130,1
8131,0
8132,1
8133,0
8134,0
8135,0
8136,0
8137,0
8138,0
8139,0
8140,0
8141,1
8142,0
8143,1
8144,1
8145,1
8146,0
8147,1
8148,0
8149,1
8150,1
8151,1
8152,1
8153,1
8154,1
8155,1
8156,0
8157,1
8158,1
8159,0
8160,1
8161,0
8162,1
8163,0
8164,1
8165,1
8166,0
8167,1
8168,1
8169,0
8170,1
8171,1
8172,1
8173,1
8174,0
8175,0
8176,1
8177,0
8178,1
8179,1
8180,0
8181,1
8182,0
8183,0
8184,1
8185,1
8186,1
8187,0
8188,0
8189,0
8190,1
8191,0
8192,1
8193,0
8194,1
8195,0
8196,0
8197,0
8198,1
8199,1
8200,1
8201,1
8202,1
8203,1
8204,0
8205,1
8206,0
8207,1
8208,1
8209,0
8210,1
8211,1
8212,1
8213,0
8214,1
8215,0
8216,0
8217,0
8218,0
8219,0
8220,1
8221,0
8222,1
8223,1
8224,1
8225,1
8226,1
8227,1
8228,1
8229,1
8230,1
8231,0
8232,1
8233,1
8234,1
8235,1
8236,1
8237,0
8238,0
8239,0
8240,1
8241,0
8242,1
8243,0
8244,0
8245,0
8246,1
8247,0
8248,1
8249,1
8250,1
8251,1
8252,1
8253,0
8254,1
8255,1
8256,1
8257,1
8258,1
8259,0
8260,1
8261,1
8262,1
8263,0
8264,1
8265,1
8266,0
8267,1
8268,1
8269,1
8270,1
8271,1
8272,0
8273,1
8274,1
8275,1
8276,1
8277,1
8278,1
8279,0
8280,1
8281,0
8282,1
8283,1
8284,0
8285,1
8286,1
8287,0
8288,1
8289,1
8290,1
8291,0
8292,1
8293,0
8294,1
8295,0
8296,1
8297,1
8298,1
8299,1
8300,0
8301,1
8302,1
8303,1
8304,1
8305,1
8306,1
8307,0
8308,0
8309,0
8310,0
8311,1
8312,0
8313,1
8314,1
8315,0
8316,1
8317,1
8318,0
8319,1
8320,0
8321,1
8322,1
8323,1
8324,0
8325,0
8326,1
8327,1
8328,0
8329,0
8330,1
8331,1
8332,0
8333,1
8334,0
8335,1
8336,1
8337,0
8338,1
8339,0
8340,1
8341,0
8342,1
8343,0
8344,0
8345,0
8346,0
8347,1
8348,1
8349,0
8350,1
8351,1
8352,1
8353,1
8354,0
8355,1
8356,1
8357,1
8358,1
8359,1
8360,1
8361,1
8362,1
8363,1
8364,1
8365,1
8366,1
8367,0
8368,1
8369,0
8370,1
8371,1
8372,0
8373,0
8374,0
8375,1
8376,0
8377,1
8378,0
8379,1
8380,1
8381,1
8382,1
8383,1
8384,1
8385,1
8386,0
8387,1
8388,1
8389,0
8390,0
8391,1
8392,1
8393,0
8394,0
8395,0
8396,0
8397,0
8398,1
8399,1
8400,1
8401,0
8402,0
8403,0
8404,1
8405,0
8406,0
8407,1
8408,1
8409,1
8410,0
8411,1
8412,1
8413,0
8414,1
8415,1
8416,0
8417,0
8418,1
8419,0
8420,0
8421,1
8422,1
8423,0
8424,0
8425,1
8426,0
8427,1
8428,1
8429,1
8430,0
8431,1
8432,0
8433,1
8434,0
8435,1
8436,1
8437,0
8438,1
8439,1
8440,0
8441,1
8442,1
8443,1
8444,0
8445,1
8446,1
8447,1
8448,1
8449,1
8450,0
8451,0
8452,1
8453,1
8454,1
8455,1
8456,0
8457,1
8458,1
8459,1
8460,0
8461,1
8462,1
8463,1
8464,0
8465,1
8466,1
8467,1
8468,0
8469,1
8470,1
8471,1
8472,1
8473,1
8474,0
8475,1
8476,1
8477,1
8478,1
8479,0
8480,1
8481,1
8482,1
8483,1
8484,0
8485,0
8486,0
8487,1
8488,1
8489,1
8490,1
8491,0
8492,1
8493,0
8494,0
8495,0
8496,1
8497,0
8498,1
8499,0
8500,1
8501,1
8502,0
8503,0
8504,0
8505,1
8506,1
8507,1
8508,1
8509,1
8510,1
8511,0
8512,1
8513,1
8514,0
8515,0
8516,0
8517,1
8518,0
8519,0
8520,1
8521,0
8522,1
8523,1
8524,1
8525,0
8526,0
8527,0
8528,1
8529,1
8530,1
8531,0
8532,1
8533,1
8534,0
8535,0
8536,1
8537,0
8538,0
8539,0
8540,1
8541,1
8542,1
8543,1
8544,1
8545,1
8546,1
8547,1
8548,1
8549,1
8550,1
8551,1
8552,1
8553,1
8554,1
8555,1
8556,1
8557,0
8558,0
8559,1
8560,1
8561,1
8562,1
8563,1
8564,0
8565,1
8566,1
8567,1
8568,0
8569,1
8570,1
8571,0
8572,0
8573,0
8574,0
8575,0
8576,1
8577,1
8578,1
8579,1
8580,0
8581,1
8582,1
8583,1
8584,1
8585,1
8586,1
8587,0
8588,1
8589,1
8590,0
8591,0
8592,1
8593,1
8594,0
8595,1
8596,0
8597,1
8598,1
8599,1
8600,1
8601,1
8602,0
8603,1
8604,1
8605,0
8606,1
8607,1
8608,1
8609,0
8610,1
8611,1
8612,1
8613,1
8614,0
8615,0
8616,1
8617,1
8618,0
8619,0
8620,0
8621,0
8622,0
8623,1
8624,1
8625,0
8626,1
8627,1
8628,0
8629,1
8630,1
8631,0
8632,1
8633,0
8634,0
8635,0
8636,1
8637,1
8638,1
8639,1
8640,0
8641,1
8642,1
8643,0
8644,1
8645,0
8646,1
8647,0
8648,1
8649,1
8650,1
8651,1
8652,1
8653,0
8654,1
8655,1
8656,1
8657,0
8658,0
8659,0
8660,1
8661,1
8662,0
8663,1
8664,1
8665,0
8666,0
8667,0
8668,0
8669,1
8670,0
8671,0
8672,1
8673,0
8674,1
8675,1
8676,0
8677,0
8678,1
8679,1
8680,1
8681,0
8682,0
8683,1
8684,0
8685,1
8686,0
8687,0
8688,0
8689,1
8690,0
8691,1
8692,1
8693,1
8694,0
8695,1
8696,0
8697,1
8698,1
8699,1
8700,1
8701,1
8702,1
8703,0
8704,1
8705,1
8706,1
8707,0
8708,0
8709,1
8710,0
8711,1
8712,0
8713,1
8714,0
8715,0
8716,1
8717,1
8718,1
8719,1
8720,1
8721,0
8722,0
8723,1
8724,1
8725,1
8726,0
8727,1
8728,1
8729,0
8730,1
8731,0
8732,1
8733,0
8734,0
8735,1
8736,0
8737,1
8738,1
8739,0
8740,0
8741,0
8742,0
8743,1
8744,1
8745,1
8746,1
8747,0
8748,1
8749,1
8750,1
8751,1
8752,0
8753,1
8754,0
8755,1
8756,1
8757,0
8758,1
8759,0
8760,0
8761,0
8762,1
8763,1
8764,1
8765,1
8766,0
8767,0
8768,1
8769,0
8770,1
8771,1
8772,1
8773,1
8774,0
8775,1
8776,0
8777,0
8778,1
8779,1
8780,1
8781,0
8782,1
8783,1
8784,1
8785,0
8786,0
8787,1
8788,1
8789,0
8790,1
8791,1
8792,0
8793,0
8794,0
8795,1
8796,0
8797,1
8798,1
8799,1
8800,1
8801,1
8802,1
8803,1
8804,1
8805,1
8806,0
8807,0
8808,1
8809,1
8810,0
8811,0
8812,1
8813,1
8814,1
8815,1
8816,1
8817,1
8818,1
8819,1
8820,1
8821,1
8822,0
8823,0
8824,1
8825,1
8826,1
8827,1
8828,0
8829,0
8830,0
8831,1
8832,1
8833,0
8834,1
8835,0
8836,0
8837,0
8838,1
8839,1
8840,0
8841,0
8842,0
8843,0
8844,1
8845,1
8846,0
8847,0
8848,1
8849,0
8850,0
8851,1
8852,1
8853,1
8854,0
8855,1
8856,1
8857,1
8858,0
8859,0
8860,1
8861,0
8862,1
8863,1
8864,0
8865,1
8866,0
8867,1
8868,0
8869,1
8870,1
8871,1
8872,1
8873,1
8874,1
8875,1
8876,1
8877,0
8878,0
8879,0
8880,1
8881,1
8882,0
8883,0
8884,1
8885,0
8886,1
8887,1
8888,1
8889,0
8890,0
8891,1
8892,1
8893,0
8894,1
8895,1
8896,1
8897,0
8898,1
8899,0
8900,0
8901,1
8902,1
8903,1
8904,1
8905,0
8906,1
8907,0
8908,1
8909,1
8910,1
8911,1
8912,1
8913,1
8914,1
8915,1
8916,0
8917,1
8918,1
8919,1
8920,0
8921,1
8922,0
8923,0
8924,1
8925,1
8926,1
8927,1
8928,0
8929,1
8930,0
8931,1
8932,1
8933,1
8934,0
8935,0
8936,1
8937,1
8938,1
8939,1
8940,0
8941,0
8942,1
8943,1
8944,0
8945,1
8946,1
8947,0
8948,1
8949,1
8950,1
8951,1
8952,1
8953,1
8954,0
8955,1
8956,1
8957,1
8958,1
8959,0
8960,1
8961,1
8962,0
8963,1
8964,1
8965,1
8966,0
8967,1
8968,0
8969,0
8970,1
8971,1
8972,1
8973,0
8974,1
8975,1
8976,1
8977,0
8978,0
8979,1
8980,1
8981,1
8982,0
8983,1
8984,0
8985,1
8986,1
8987,0
8988,1
8989,1
8990,1
8991,1
8992,1
8993,0
8994,1
8995,1
8996,0
8997,1
8998,0
8999,0
9000,1
9001,1
9002,0
9003,1
9004,1
9005,1
9006,0
9007,1
9008,0
9009,1
9010,1
9011,1
9012,1
9013,1
9014,1
9015,1
9016,0
9017,1
9018,0
9019,0
9020,0
9021,0
9022,1
9023,0
9024,1
9025,1
9026,1
9027,1
9028,1
9029,0
9030,1
9031,1
9032,1
9033,0
9034,1
9035,0
9036,1
9037,1
9038,1
9039,1
9040,1
9041,1
9042,0
9043,0
9044,1
9045,0
9046,1
9047,0
9048,1
9049,0
9050,0
9051,1
9052,0
9053,1
9054,0
9055,1
9056,0
9057,0
9058,0
9059,1
9060,1
9061,1
9062,0
9063,1
9064,0
9065,1
9066,0
9067,0
9068,1
9069,1
9070,1
9071,1
9072,0
9073,0
9074,0
9075,1
9076,1
9077,1
9078,1
9079,1
9080,0
9081,0
9082,1
9083,1
9084,0
9085,1
9086,0
9087,1
9088,1
9089,1
9090,0
9091,1
9092,1
9093,1
9094,1
9095,0
9096,0
9097,1
9098,1
9099,1
9100,1
9101,1
9102,1
9103,1
9104,1
9105,1
9106,1
9107,1
9108,1
9109,1
9110,1
9111,1
9112,1
9113,1
9114,1
9115,0
9116,1
9117,1
9118,0
9119,1
9120,1
9121,0
9122,1
9123,1
9124,0
9125,1
9126,1
9127,0
9128,0
9129,0
9130,1
9131,1
9132,0
9133,1
9134,1
9135,0
9136,0
9137,0
9138,1
9139,1
9140,1
9141,1
9142,0
9143,1
9144,0
9145,0
9146,0
9147,1
9148,1
9149,1
9150,0
9151,0
9152,1
9153,1
9154,1
9155,0
9156,1
9157,0
9158,0
9159,0
9160,1
9161,0
9162,1
9163,1
9164,0
9165,0
9166,0
9167,1
9168,0
9169,1
9170,0
9171,1
9172,0
9173,0
9174,1
9175,1
9176,0
9177,1
9178,1
9179,0
9180,0
9181,1
9182,1
9183,1
9184,1
9185,1
9186,0
9187,1
9188,1
9189,1
9190,1
9191,0
9192,1
9193,1
9194,1
9195,0
9196,0
9197,0
9198,1
9199,1
9200,0
9201,1
9202,1
9203,1
9204,1
9205,0
9206,1
9207,1
9208,0
9209,1
9210,1
9211,0
9212,1
9213,1
9214,1
9215,1
9216,0
9217,0
9218,0
9219,1
9220,1
9221,1
9222,1
9223,1
9224,1
9225,0
9226,1
9227,1
9228,1
9229,1
9230,1
9231,0
9232,0
9233,0
9234,0
9235,1
9236,1
9237,1
9238,1
9239,1
9240,0
9241,0
9242,1
9243,0
9244,0
9245,0
9246,0
9247,1
9248,0
9249,0
9250,0
9251,1
9252,1
9253,0
9254,1
9255,0
9256,0
9257,1
9258,1
9259,1
9260,1
9261,0
9262,1
9263,1
9264,1
9265,1
9266,1
9267,1
9268,1
9269,1
9270,1
9271,1
9272,0
9273,1
9274,0
9275,1
9276,1
9277,0
9278,1
9279,0
9280,1
9281,1
9282,1
9283,0
9284,1
9285,0
9286,1
9287,0
9288,0
9289,1
9290,1
9291,1
9292,1
9293,0
9294,0
9295,1
9296,0
9297,1
9298,0
9299,1
9300,0
9301,1
9302,1
9303,1
9304,0
9305,1
9306,0
9307,1
9308,0
9309,1
9310,0
9311,0
9312,0
9313,1
9314,0
9315,1
9316,1
9317,1
9318,1
9319,1
9320,1
9321,0
9322,1
9323,1
9324,0
9325,0
9326,1
9327,1
9328,1
9329,1
9330,1
9331,0
9332,0
9333,1
9334,1
9335,0
9336,0
9337,0
9338,0
9339,1
9340,1
9341,1
9342,1
9343,1
9344,1
9345,1
9346,1
9347,1
9348,1
9349,1
9350,1
9351,1
9352,1
9353,0
9354,0
9355,1
9356,1
9357,1
9358,1
9359,1
9360,0
9361,1
9362,0
9363,1
9364,0
9365,1
9366,1
9367,1
9368,0
9369,0
9370,1
9371,0
9372,0
9373,1
9374,1
9375,0
9376,0
9377,1
9378,0
9379,0
9380,0
9381,1
9382,1
9383,1
9384,1
9385,1
9386,0
9387,1
9388,0
9389,1
9390,1
9391,0
9392,0
9393,1
9394,0
9395,1
9396,1
9397,1
9398,0
9399,1
9400,0
9401,0
9402,1
9403,0
9404,1
9405,1
9406,1
9407,0
9408,0
9409,1
9410,0
9411,1
9412,0
9413,1
9414,1
9415,1
9416,1
9417,1
9418,0
9419,0
9420,0
9421,1
9422,0
9423,1
9424,0
9425,0
9426,0
9427,0
9428,0
9429,1
9430,0
9431,0
9432,1
9433,0
9434,1
9435,0
9436,0
9437,1
9438,1
9439,0
9440,1
9441,1
9442,1
9443,1
9444,1
9445,1
9446,1
9447,1
9448,1
9449,1
9450,1
9451,1
9452,1
9453,1
9454,0
9455,1
9456,1
9457,0
9458,1
9459,0
9460,0
9461,0
9462,1
9463,1
9464,1
9465,1
9466,0
9467,0
9468,1
9469,0
9470,0
9471,1
9472,0
9473,1
9474,0
9475,1
9476,0
9477,1
9478,1
9479,1
9480,1
9481,1
9482,1
9483,0
9484,0
9485,1
9486,0
9487,1
9488,1
9489,1
9490,0
9491,1
9492,0
9493,0
9494,1
9495,1
9496,1
9497,1
9498,1
9499,1
9500,0
9501,0
9502,1
9503,1
9504,1
9505,1
9506,1
9507,1
9508,1
9509,0
9510,1
9511,1
9512,0
9513,1
9514,1
9515,1
9516,1
9517,0
9518,1
9519,1
9520,1
9521,1
9522,1
9523,1
9524,1
9525,1
9526,0
9527,1
9528,0
9529,1
9530,1
9531,1
9532,0
9533,0
9534,1
9535,0
9536,1
9537,1
9538,0
9539,0
9540,0
9541,1
9542,1
9543,0
9544,0
9545,1
9546,0
9547,1
9548,0
9549,0
9550,1
9551,1
9552,0
9553,1
9554,1
9555,0
9556,1
9557,1
9558,0
9559,1
9560,1
9561,1
9562,1
9563,0
9564,1
9565,1
9566,0
9567,1
9568,1
9569,1
9570,0
9571,1
9572,0
9573,1
9574,1
9575,0
9576,0
9577,1
9578,0
9579,1
9580,1
9581,1
9582,1
9583,1
9584,1
9585,1
9586,1
9587,0
9588,0
9589,0
9590,1
9591,0
9592,0
9593,1
9594,1
9595,1
9596,1
9597,1
9598,1
9599,0
9600,0
9601,1
9602,1
9603,1
9604,1
9605,0
9606,1
9607,1
9608,0
9609,1
9610,0
9611,0
9612,1
9613,1
9614,0
9615,1
9616,0
9617,1
9618,1
9619,1
9620,0
9621,0
9622,1
9623,1
9624,1
9625,1
9626,1
9627,1
9628,0
9629,1
9630,0
9631,0
9632,1
9633,1
9634,0
9635,1
9636,1
9637,0
9638,1
9639,1
9640,1
9641,0
9642,0
9643,1
9644,0
9645,0
9646,1
9647,0
9648,0
9649,1
9650,1
9651,1
9652,1
9653,1
9654,1
9655,0
9656,1
9657,1
9658,0
9659,1
9660,0
9661,1
9662,1
9663,1
9664,1
9665,1
9666,1
9667,0
9668,0
9669,1
9670,1
9671,0
9672,0
9673,1
9674,0
9675,1
9676,1
9677,1
9678,0
9679,1
9680,1
9681,1
9682,1
9683,0
9684,0
9685,0
9686,1
9687,0
9688,0
9689,0
9690,1
9691,1
9692,0
9693,1
9694,1
9695,0
9696,0
9697,0
9698,1
9699,1
9700,1
9701,0
9702,1
9703,1
9704,1
9705,0
9706,1
9707,1
9708,1
9709,1
9710,1
9711,1
9712,1
9713,1
9714,0
9715,1
9716,1
9717,1
9718,1
9719,1
9720,0
9721,1
9722,0
9723,1
9724,0
9725,1
9726,1
9727,1
9728,1
9729,1
9730,0
9731,1
9732,0
9733,1
9734,0
9735,1
9736,1
9737,1
9738,1
9739,1
9740,1
9741,1
9742,0
9743,0
9744,0
9745,1
9746,0
9747,1
9748,0
9749,0
9750,0
9751,1
9752,1
9753,1
9754,1
9755,0
9756,0
9757,1
9758,1
9759,0
9760,1
9761,0
9762,1
9763,0
9764,0
9765,0
9766,1
9767,0
9768,1
9769,1
9770,1
9771,0
9772,0
9773,0
9774,1
9775,1
9776,1
9777,1
9778,1
9779,1
9780,1
9781,1
9782,1
9783,1
9784,1
9785,0
9786,1
9787,1
9788,1
9789,1
9790,0
9791,1
9792,1
9793,1
9794,0
9795,1
9796,0
9797,1
9798,1
9799,1
9800,1
9801,1
9802,0
9803,1
9804,0
9805,0
9806,1
9807,0
9808,0
9809,1
9810,0
9811,1
9812,1
9813,0
9814,1
9815,0
9816,1
9817,1
9818,1
9819,1
9820,0
9821,1
9822,1
9823,0
9824,1
9825,0
9826,1
9827,1
9828,1
9829,0
9830,0
9831,1
9832,1
9833,1
9834,1
9835,1
9836,1
9837,1
9838,0
9839,1
9840,1
9841,1
9842,1
9843,0
9844,1
9845,0
9846,1
9847,0
9848,1
9849,1
9850,0
9851,0
9852,1
9853,1
9854,0
9855,1
9856,1
9857,0
9858,0
9859,1
9860,1
9861,0
9862,1
9863,0
9864,1
9865,0
9866,1
9867,1
9868,0
9869,1
9870,0
9871,1
9872,1
9873,1
9874,0
9875,0
9876,1
9877,1
9878,0
9879,0
9880,1
9881,1
9882,1
9883,1
9884,0
9885,0
9886,1
9887,1
9888,0
9889,1
9890,1
9891,1
9892,1
9893,1
9894,1
9895,1
9896,0
9897,1
9898,1
9899,0
9900,1
9901,0
9902,0
9903,1
9904,0
9905,0
9906,1
9907,0
9908,0
9909,0
9910,1
9911,0
9912,0
9913,1
9914,1
9915,1
9916,1
9917,1
9918,1
9919,1
9920,1
9921,0
9922,0
9923,0
9924,0
9925,1
9926,0
9927,1
9928,0
9929,0
9930,1
9931,0
9932,0
9933,1
9934,0
9935,1
9936,0
9937,1
9938,0
9939,0
9940,0
9941,0
9942,0
9943,1
9944,1
9945,1
9946,0
9947,1
9948,1
9949,1
9950,1
9951,1
9952,1
9953,0
9954,1
9955,1
9956,0
9957,1
9958,1
9959,0
9960,1
9961,1
9962,1
9963,0
9964,1
9965,1
9966,1
9967,1
9968,0
9969,1
9970,0
9971,0
9972,1
9973,1
9974,1
9975,1
9976,1
9977,1
9978,1
9979,1
9980,0
9981,1
9982,1
9983,1
9984,1
9985,1
9986,1
9987,1
9988,1
9989,0
9990,1
9991,1
9992,0
9993,1
9994,1
9995,0
9996,1
9997,1
9998,0
9999,1
10000,0
10001,0
10002,0
10003,1
10004,1
10005,0
10006,0
10007,1
10008,0
10009,1
10010,1
10011,1
10012,0
10013,1
10014,0
10015,0
10016,1
10017,1
10018,1
10019,0
10020,0
10021,1
10022,1
10023,1
10024,1
10025,0
10026,0
10027,0
10028,1
10029,1
10030,0
10031,1
10032,1
10033,1
10034,1
10035,0
10036,1
10037,0
10038,0
10039,1
10040,0
10041,0
10042,1
10043,0
10044,1
10045,1
10046,0
10047,0
10048,1
10049,1
10050,0
10051,1
10052,1
10053,1
10054,0
10055,1
10056,1
10057,0
10058,1
10059,0
10060,1
10061,1
10062,0
10063,0
10064,1
10065,1
10066,0
10067,0
10068,1
10069,1
10070,0
10071,1
10072,1
10073,0
10074,1
10075,1
10076,1
10077,1
10078,0
10079,1
10080,0
10081,1
10082,1
10083,0
10084,1
10085,1
10086,0
10087,1
10088,1
10089,1
10090,1
10091,0
10092,0
10093,1
10094,0
10095,1
10096,0
10097,1
10098,0
10099,0
10100,1
10101,1
10102,1
10103,1
10104,1
10105,1
10106,0
10107,1
10108,1
10109,0
10110,1
10111,0
10112,1
10113,1
10114,1
10115,1
10116,1
10117,0
10118,0
10119,1
10120,0
10121,1
10122,0
10123,0
10124,1
10125,1
10126,1
10127,1
10128,1
10129,1
10130,1
10131,0
10132,1
10133,1
10134,0
10135,0
10136,1
10137,1
10138,0
10139,0
10140,1
10141,0
10142,1
10143,0
10144,0
10145,1
10146,0
10147,0
10148,0
10149,1
10150,0
10151,0
10152,1
10153,1
10154,0
10155,1
10156,1
10157,0
10158,1
10159,1
10160,0
10161,1
10162,0
10163,1
10164,1
10165,0
10166,0
10167,1
10168,1
10169,1
10170,1
10171,1
10172,0
10173,1
10174,1
10175,1
10176,1
10177,0
10178,0
10179,0
10180,0
10181,1
10182,1
10183,0
10184,1
10185,1
10186,0
10187,1
10188,1
10189,0
10190,1
10191,0
10192,1
10193,1
10194,1
10195,1
10196,1
10197,1
10198,0
10199,1
10200,1
10201,0
10202,1
10203,0
10204,1
10205,1
10206,0
10207,1
10208,1
10209,1
10210,1
10211,0
10212,0
10213,1
10214,1
10215,1
10216,0
10217,1
10218,1
10219,1
10220,1
10221,1
10222,0
10223,1
10224,0
10225,1
10226,1
10227,1
10228,1
10229,1
10230,0
10231,1
10232,0
10233,1
10234,1
10235,1
10236,1
10237,1
10238,1
10239,1
10240,1
10241,1
10242,1
10243,0
10244,0
10245,0
10246,1
10247,1
10248,1
10249,1
10250,1
10251,0
10252,1
10253,0
10254,1
10255,1
10256,0
10257,1
10258,0
10259,1
10260,0
10261,0
10262,0
10263,1
10264,0
10265,1
10266,1
10267,0
10268,1
10269,1
10270,0
10271,1
10272,1
10273,1
10274,0
10275,0
10276,1
10277,1
10278,0
10279,1
10280,0
10281,0
10282,1
10283,0
10284,1
10285,1
10286,0
10287,1
10288,1
10289,1
10290,1
10291,1
10292,1
10293,0
10294,1
10295,1
10296,0
10297,1
10298,1
10299,1
10300,0
10301,0
10302,1
10303,1
10304,0
10305,0
10306,1
10307,1
10308,1
10309,1
10310,0
10311,1
10312,0
10313,1
10314,0
10315,1
10316,1
10317,1
10318,1
10319,1
10320,1
10321,1
10322,0
10323,0
10324,0
10325,0
10326,0
10327,0
10328,0
10329,1
10330,1
10331,0
10332,0
10333,0
10334,1
10335,1
10336,1
10337,1
10338,0
10339,1
10340,1
10341,1
10342,1
10343,1
10344,1
10345,1
10346,0
10347,0
10348,0
10349,1
10350,0
10351,1
10352,1
10353,1
10354,1
10355,0
10356,1
10357,1
10358,0
10359,1
10360,1
10361,1
10362,1
10363,1
10364,1
10365,1
10366,1
10367,1
10368,0
10369,0
10370,0
10371,1
10372,0
10373,1
10374,0
10375,0
10376,1
10377,1
10378,0
10379,1
10380,0
10381,1
10382,1
10383,1
10384,1
10385,0
10386,0
10387,0
10388,0
10389,0
10390,1
10391,1
10392,0
10393,1
10394,0
10395,1
10396,0
10397,0
10398,1
10399,1
10400,0
10401,1
10402,0
10403,0
10404,1
10405,0
10406,1
10407,1
10408,0
10409,1
10410,1
10411,0
10412,1
10413,1
10414,1
10415,0
10416,1
10417,0
10418,1
10419,0
10420,1
10421,1
10422,0
10423,0
10424,1
10425,0
10426,1
10427,1
10428,0
10429,1
10430,1
10431,1
10432,1
10433,1
10434,0
10435,1
10436,1
10437,1
10438,1
10439,1
10440,1
10441,0
10442,1
10443,0
10444,1
10445,1
10446,1
10447,0
10448,1
10449,0
10450,0
10451,1
10452,1
10453,1
10454,0
10455,1
10456,1
10457,1
10458,1
10459,0
10460,0
10461,1
10462,1
10463,1
10464,1
10465,1
10466,1
10467,1
10468,0
10469,0
10470,1
10471,1
10472,1
10473,0
10474,1
10475,1
10476,1
10477,1
10478,1
10479,0
10480,0
10481,1
10482,1
10483,1
10484,0
10485,0
10486,0
10487,0
10488,1
10489,1
10490,1
10491,0
10492,1
10493,1
10494,1
10495,0
10496,1
10497,1
10498,1
10499,0
10500,1
10501,0
10502,1
10503,1
10504,1
10505,0
10506,1
10507,0
10508,1
10509,1
10510,1
10511,1
10512,1
10513,1
10514,1
10515,0
10516,0
10517,0
10518,1
10519,1
10520,1
10521,0
10522,1
10523,1
10524,0
10525,1
10526,0
10527,1
10528,0
10529,1
10530,0
10531,0
10532,1
10533,1
10534,0
10535,0
10536,0
10537,0
10538,1
10539,0
10540,1
10541,0
10542,1
10543,1
10544,1
10545,1
10546,1
10547,1
10548,0
10549,0
10550,1
10551,1
10552,1
10553,1
10554,0
10555,1
10556,0
10557,1
10558,0
10559,0
10560,0
10561,1
10562,1
10563,0
10564,1
10565,0
10566,0
10567,1
10568,1
10569,1
10570,0
10571,1
10572,0
10573,0
10574,1
10575,0
10576,1
10577,1
10578,1
10579,1
10580,1
10581,1
10582,1
10583,0
10584,1
10585,1
10586,1
10587,1
10588,1
10589,1
10590,0
10591,1
10592,1
10593,0
10594,1
10595,1
10596,1
10597,1
10598,1
10599,0
10600,0
10601,1
10602,1
10603,0
10604,1
10605,1
10606,0
10607,0
10608,0
10609,0
10610,1
10611,1
10612,1
10613,0
10614,1
10615,1
10616,1
10617,0
10618,0
10619,0
10620,1
10621,0
10622,1
10623,1
10624,1
10625,0
10626,1
10627,0
10628,0
10629,0
10630,0
10631,1
10632,1
10633,1
10634,1
10635,1
10636,0
10637,1
10638,1
10639,1
10640,0
10641,1
10642,1
10643,0
10644,1
10645,0
10646,1
10647,1
10648,1
10649,1
10650,1
10651,1
10652,0
10653,0
10654,0
10655,1
10656,1
10657,0
10658,1
10659,1
10660,0
10661,0
10662,1
10663,0
10664,1
10665,0
10666,0
10667,0
10668,0
10669,1
10670,1
10671,0
10672,1
10673,1
10674,0
10675,0
10676,0
10677,0
10678,1
10679,1
10680,1
10681,1
10682,1
10683,0
10684,0
10685,1
10686,1
10687,1
10688,1
10689,1
10690,0
10691,1
10692,0
10693,1
10694,0
10695,1
10696,1
10697,1
10698,1
10699,1
10700,1
10701,1
10702,1
10703,1
10704,0
10705,1
10706,0
10707,0
10708,1
10709,0
10710,0
10711,1
10712,1
10713,0
10714,1
10715,0
10716,1
10717,1
10718,1
10719,1
10720,1
10721,0
10722,1
10723,1
10724,0
10725,0
10726,1
10727,1
10728,0
10729,1
10730,1
10731,0
10732,1
10733,0
10734,0
10735,1
10736,0
10737,1
10738,1
10739,1
10740,1
10741,1
10742,0
10743,0
10744,1
10745,0
10746,1
10747,0
10748,1
10749,0
10750,1
10751,1
10752,1
10753,1
10754,1
10755,0
10756,1
10757,1
10758,0
10759,1
10760,1
10761,1
10762,0
10763,1
10764,0
10765,1
10766,1
10767,1
10768,1
10769,1
10770,0
10771,1
10772,1
10773,0
10774,1
10775,1
10776,1
10777,1
10778,0
10779,0
10780,0
10781,1
10782,0
10783,1
10784,0
10785,0
10786,0
10787,1
10788,0
10789,1
10790,1
10791,1
10792,0
10793,1
10794,0
10795,0
10796,1
10797,1
10798,0
10799,0
10800,1
10801,1
10802,1
10803,0
10804,0
10805,0
10806,1
10807,1
10808,1
10809,0
10810,1
10811,0
10812,1
10813,0
10814,1
10815,0
10816,1
10817,0
10818,1
10819,1
10820,0
10821,1
10822,1
10823,1
10824,0
10825,0
10826,1
10827,0
10828,0
10829,0
10830,1
10831,1
10832,0
10833,0
10834,0
10835,1
10836,1
10837,1
10838,0
10839,1
10840,1
10841,1
10842,1
10843,1
10844,0
10845,1
10846,0
10847,0
10848,1
10849,1
10850,0
10851,1
10852,1
10853,0
10854,0
10855,0
10856,1
10857,0
10858,0
10859,1
10860,0
10861,0
10862,1
10863,0
10864,0
10865,0
10866,1
10867,1
10868,1
10869,1
10870,0
10871,0
10872,1
10873,0
10874,1
10875,1
10876,1
10877,0
10878,0
10879,1
10880,1
10881,1
10882,0
10883,1
10884,1
10885,1
10886,0
10887,0
10888,1
10889,0
10890,0
10891,1
10892,1
10893,1
10894,1
10895,1
10896,0
10897,0
10898,1
10899,0
10900,1
10901,0
10902,0
10903,0
10904,1
10905,0
10906,1
10907,1
10908,0
10909,1
10910,0
10911,0
10912,0
10913,1
10914,0
10915,1
10916,0
10917,0
10918,1
10919,1
10920,1
10921,0
10922,0
10923,0
10924,0
10925,1
10926,0
10927,0
10928,1
10929,0
10930,1
10931,0
10932,1
10933,1
10934,1
10935,1
10936,0
10937,1
10938,1
10939,1
10940,1
10941,1
10942,1
10943,0
10944,0
10945,1
10946,0
10947,1
10948,1
10949,1
10950,1
10951,1
10952,0
10953,0
10954,0
10955,1
10956,0
10957,0
10958,1
10959,1
10960,1
10961,1
10962,1
10963,1
10964,1
10965,0
10966,1
10967,1
10968,1
10969,1
10970,1
10971,0
10972,0
10973,0
10974,0
10975,1
10976,1
10977,0
10978,1
10979,1
10980,1
10981,0
10982,1
10983,1
10984,0
10985,1
10986,0
10987,1
10988,0
10989,0
10990,1
10991,0
10992,1
10993,0
10994,0
10995,0
10996,1
10997,0
10998,1
10999,0
